xi,W1,V1,W2,V2,W3,V3,W4,V4
1.000001,0.00424951,0.6795,0.00441331,0.51765,0.00989056,1.11575,4.9388e-8,0.462366
1.00001,0.0109292,0.679486,0.0110856,0.517638,0.0228477,1.11573,6.8623e-7,0.462357
1.0001,0.0281101,0.679346,0.0278471,0.517519,0.0527807,1.11553,9.53716e-6,0.462258
1.001,0.0722645,0.677955,0.0699231,0.516328,0.12189,1.11354,0.000132427,0.46127
1.005,0.139729,0.671816,0.13307,0.511079,0.218411,1.10476,0.00083514,0.456914
1.01,0.185429,0.664269,0.175469,0.504625,0.280613,1.09392,0.00184683,0.451557
1.025,0.269043,0.642332,0.252662,0.485946,0.389594,1.06236,0.00529323,0.435994
1.05,0.355269,0.608196,0.33229,0.457042,0.497067,1.01282,0.011792,0.411799
1.075,0.417009,0.576636,0.38964,0.430529,0.571264,0.966804,0.0189063,0.389479
1.1,0.466431,0.547517,0.435836,0.406202,0.629126,0.924033,0.0264933,0.368934
1.15,0.544501,0.495709,0.509665,0.363267,0.717685,0.846873,0.0428368,0.332435
1.2,0.605958,0.451063,0.568708,0.326711,0.785032,0.779379,0.0605266,0.300915
1.25,0.657085,0.412317,0.618599,0.295285,0.839279,0.72022,0.0794247,0.273718
1.35,0.739537,0.348578,0.700956,0.244523,0.923368,0.621176,0.120558,0.229095
1.5,0.833322,0.278211,0.798152,0.189731,1.01349,0.508608,0.190078,0.180012
1.75,0.946544,0.20173,0.921978,0.132074,1.11382,0.381934,0.325745,0.126918
2,1.03024,0.153978,1.01923,0.0972186,1.18161,0.299905,0.485614,0.0940868
2.5,1.15186,0.0995449,1.1713,0.0591443,1.27003,0.202943,0.877552,0.0572893
3,1.24047,0.0706721,1.29158,0.0398734,1.32686,0.149341,1.36666,0.0383426
3.5,1.31056,0.0534155,1.39323,0.0288303,1.36744,0.116292,1.95441,0.027344
4,1.36885,0.0422251,1.4824,0.0218272,1.39839,0.0942885,2.64202,0.0204279
4.5,1.41896,0.0344094,1.56255,0.0171485,1.42309,0.078684,3.43067,0.0158049
5,1.46309,0.0287797,1.63586,0.0138433,1.44345,0.0672439,4.32244,0.0125698
5.5,1.50262,0.0245274,1.70374,0.011427,1.46069,0.0585739,5.31745,0.0102137
6,1.53849,0.0212356,1.76719,0.00959789,1.47557,0.0517709,6.41697,0.00845572
6.5,1.57145,0.0186349,1.82698,0.00818386,1.48861,0.0462942,7.62208,0.0071075
7,1.60188,0.0165255,1.88344,0.0070632,1.50019,0.0418137,8.9341,0.00605415
7.5,1.63031,0.0147902,1.93722,0.00615865,1.51059,0.0380967,10.3522,0.00521098
8,1.6569,0.0133372,1.98863,0.0054236,1.52001,0.0349633,11.8786,0.0045309
8.5,1.68203,0.0121187,2.03793,0.00481444,1.5286,0.0322808,13.5135,0.00397312
9,1.70576,0.0110742,2.08528,0.00430221,1.53651,0.0299752,15.2614,0.00351137
9.5,1.72829,0.0101679,2.13081,0.00387021,1.54382,0.0280026,17.1113,0.00312252
10,1.7498,0.00938924,2.1749,0.00350029,1.55062,0.026221,19.0763,0.00279422
