z_cm,rho_g_cm3,p0_dyn_cm2,J0_erg_cm2_s_sr,F0z_erg_cm2_s
-9.96093750000000000e-01,1.00000000000000000e+00,1.00004980468750000e+12,1.57986469891255014e+18,7.49746741380043136e+17
-9.88281250000000000e-01,1.00000000000000000e+00,1.00004941406250000e+12,1.57524090738915149e+18,7.49751468163369728e+17
-9.80468750000000000e-01,1.00000000000000000e+00,1.00004902343750000e+12,1.57087860582176282e+18,7.49755323004235136e+17
-9.72656250000000000e-01,1.00000000000000000e+00,1.00004863281250000e+12,1.56672992831864166e+18,7.49758478424617088e+17
-9.64843750000000000e-01,1.00000000000000000e+00,1.00004824218750000e+12,1.56275645678280064e+18,7.49761072090394240e+17
-9.57031250000000000e-01,1.00000000000000000e+00,1.00004785156250000e+12,1.55892731357997082e+18,7.49763213900379392e+17
-9.49218750000000000e-01,1.00000000000000000e+00,1.00004746093750000e+12,1.55521764201875994e+18,7.49764991630403456e+17
-9.41406250000000000e-01,1.00000000000000000e+00,1.00004707031250000e+12,1.55160739560270874e+18,7.49766475427204992e+17
-9.33593750000000000e-01,1.00000000000000000e+00,1.00004667968750000e+12,1.54808037313644211e+18,7.49767721386714624e+17
-9.25781250000000000e-01,1.00000000000000000e+00,1.00004628906250000e+12,1.54462344960091162e+18,7.49768774403467136e+17
-9.17968750000000000e-01,1.00000000000000000e+00,1.00004589843750000e+12,1.54122596292736154e+18,7.49769670439825792e+17
-9.10156250000000000e-01,1.00000000000000000e+00,1.00004550781250000e+12,1.53787922493013606e+18,7.49770438333272192e+17
-9.02343750000000000e-01,1.00000000000000000e+00,1.00004511718750000e+12,1.53457613113029453e+18,7.49771101235985536e+17
-8.94531250000000000e-01,1.00000000000000000e+00,1.00004472656250000e+12,1.53131084935341901e+18,7.49771677761645952e+17
-8.86718750000000000e-01,1.00000000000000000e+00,1.00004433593750000e+12,1.52807857108563226e+18,7.49772182899156992e+17
-8.78906250000000000e-01,1.00000000000000000e+00,1.00004394531250000e+12,1.52487531283592704e+18,7.49772628740759424e+17
-8.71093750000000000e-01,1.00000000000000000e+00,1.00004355468750000e+12,1.52169775735125504e+18,7.49773025062389760e+17
-8.63281250000000000e-01,1.00000000000000000e+00,1.00004316406250000e+12,1.51854312659917824e+18,7.49773379786320384e+17
-8.55468750000000000e-01,1.00000000000000000e+00,1.00004277343750000e+12,1.51540908007942067e+18,7.49773699350127104e+17
-8.47656250000000000e-01,1.00000000000000000e+00,1.00004238281250000e+12,1.51229363333649101e+18,7.49773989000960768e+17
-8.39843750000000000e-01,1.00000000000000000e+00,1.00004199218750000e+12,1.50919509258899866e+18,7.49774253030410240e+17
-8.32031250000000000e-01,1.00000000000000000e+00,1.00004160156250000e+12,1.50611200222212915e+18,7.49774494961965696e+17
-8.24218750000000000e-01,1.00000000000000000e+00,1.00004121093750000e+12,1.50304310255113958e+18,7.49774717700756096e+17
-8.16406250000000000e-01,1.00000000000000000e+00,1.00004082031250000e+12,1.49998729579040486e+18,7.49774923653214976e+17
-8.08593750000000000e-01,1.00000000000000000e+00,1.00004042968750000e+12,1.49694361858188006e+18,7.49775114822753792e+17
-8.00781250000000000e-01,1.00000000000000000e+00,1.00004003906250000e+12,1.49391121977074406e+18,7.49775292886356480e+17
-7.92968750000000000e-01,1.00000000000000000e+00,1.00003964843750000e+12,1.49088934238195046e+18,7.49775459255900544e+17
-7.85156250000000000e-01,1.00000000000000000e+00,1.00003925781250000e+12,1.48787730896315520e+18,7.49775615127345536e+17
-7.77343750000000000e-01,1.00000000000000000e+00,1.00003886718750000e+12,1.48487450962822886e+18,7.49775761520200576e+17
-7.69531250000000000e-01,1.00000000000000000e+00,1.00003847656250000e+12,1.48188039226991130e+18,7.49775899309266432e+17
-7.61718750000000000e-01,1.00000000000000000e+00,1.00003808593750000e+12,1.47889445451725261e+18,7.49776029250162560e+17
-7.53906250000000000e-01,1.00000000000000000e+00,1.00003769531250000e+12,1.47591623709879322e+18,7.49776151999938048e+17
-7.46093750000000000e-01,1.00000000000000000e+00,1.00003730468750000e+12,1.47294531834043494e+18,7.49776268133721472e+17
-7.38281250000000000e-01,1.00000000000000000e+00,1.00003691406250000e+12,1.46998130958117299e+18,7.49776378158190848e+17
-7.30468750000000000e-01,1.00000000000000000e+00,1.00003652343750000e+12,1.46702385133305267e+18,7.49776482522518912e+17
-7.22656250000000000e-01,1.00000000000000000e+00,1.00003613281250000e+12,1.46407261004624128e+18,7.49776581627297152e+17
-7.14843750000000000e-01,1.00000000000000000e+00,1.00003574218750000e+12,1.46112727536755174e+18,7.49776675831807360e+17
-7.07031250000000000e-01,1.00000000000000000e+00,1.00003535156250000e+12,1.45818755780277171e+18,7.49776765459989632e+17
-6.99218750000000000e-01,1.00000000000000000e+00,1.00003496093750000e+12,1.45525318671065088e+18,7.49776850805364864e+17
-6.91406250000000000e-01,1.00000000000000000e+00,1.00003457031250000e+12,1.45232390857041894e+18,7.49776932135086464e+17
-6.83593750000000000e-01,1.00000000000000000e+00,1.00003417968750000e+12,1.44939948547592576e+18,7.49777009693319936e+17
-6.75781250000000000e-01,1.00000000000000000e+00,1.00003378906250000e+12,1.44647969381841843e+18,7.49777083704052096e+17
-6.67968750000000000e-01,1.00000000000000000e+00,1.00003339843750000e+12,1.44356432312720256e+18,7.49777154373465728e+17
-6.60156250000000000e-01,1.00000000000000000e+00,1.00003300781250000e+12,1.44065317504315008e+18,7.49777221891909248e+17
-6.52343750000000000e-01,1.00000000000000000e+00,1.00003261718750000e+12,1.43774606240460570e+18,7.49777286435619712e+17
-6.44531250000000000e-01,1.00000000000000000e+00,1.00003222656250000e+12,1.43484280842906675e+18,7.49777348168147968e+17
-6.36718750000000000e-01,1.00000000000000000e+00,1.00003183593750000e+12,1.43194324597681946e+18,7.49777407241607040e+17
-6.28906250000000000e-01,1.00000000000000000e+00,1.00003144531250000e+12,1.42904721688530150e+18,7.49777463797748480e+17
-6.21093750000000000e-01,1.00000000000000000e+00,1.00003105468750000e+12,1.42615457136476442e+18,7.49777517968894720e+17
-6.13281250000000000e-01,1.00000000000000000e+00,1.00003066406250000e+12,1.42326516744745702e+18,7.49777569878762880e+17
-6.05468750000000000e-01,1.00000000000000000e+00,1.00003027343750000e+12,1.42037887048379904e+18,7.49777619643175936e+17
-5.97656250000000000e-01,1.00000000000000000e+00,1.00002988281250000e+12,1.41749555268004890e+18,7.49777667370713984e+17
-5.89843750000000000e-01,1.00000000000000000e+00,1.00002949218750000e+12,1.41461509267283302e+18,7.49777713163270656e+17
-5.82031250000000000e-01,1.00000000000000000e+00,1.00002910156250000e+12,1.41173737513657549e+18,7.49777757116570112e+17
-5.74218750000000000e-01,1.00000000000000000e+00,1.00002871093750000e+12,1.40886229042043878e+18,7.49777799320623104e+17
-5.66406250000000000e-01,1.00000000000000000e+00,1.00002832031250000e+12,1.40598973421188198e+18,7.49777839860142464e+17
-5.58593750000000000e-01,1.00000000000000000e+00,1.00002792968750000e+12,1.40311960722428083e+18,7.49777878814909952e+17
-5.50781250000000000e-01,1.00000000000000000e+00,1.00002753906250000e+12,1.40025181490644224e+18,7.49777916260130176e+17
-5.42968750000000000e-01,1.00000000000000000e+00,1.00002714843750000e+12,1.39738626717204480e+18,7.49777952266729088e+17
-5.35156250000000000e-01,1.00000000000000000e+00,1.00002675781250000e+12,1.39452287814733517e+18,7.49777986901651328e+17
-5.27343750000000000e-01,1.00000000000000000e+00,1.00002636718750000e+12,1.39166156593554918e+18,7.49778020228113408e+17
-5.19531250000000000e-01,1.00000000000000000e+00,1.00002597656250000e+12,1.38880225239671296e+18,7.49778052305850752e+17
-5.11718750000000000e-01,1.00000000000000000e+00,1.00002558593750000e+12,1.38594486294162509e+18,7.49778083191337728e+17
-5.03906250000000000e-01,1.00000000000000000e+00,1.00002519531250000e+12,1.38308932633893094e+18,7.49778112937995136e+17
-4.96093750000000000e-01,1.00000000000000000e+00,1.00002480468750000e+12,1.38023557453430246e+18,7.49778141596378880e+17
-4.88281250000000000e-01,1.00000000000000000e+00,1.00002441406250000e+12,1.37738354248083891e+18,7.49778169214359296e+17
-4.80468750000000000e-01,1.00000000000000000e+00,1.00002402343750000e+12,1.37453316797988403e+18,7.49778195837279104e+17
-4.72656250000000000e-01,1.00000000000000000e+00,1.00002363281250000e+12,1.37168439153150234e+18,7.49778221508121344e+17
-4.64843750000000000e-01,1.00000000000000000e+00,1.00002324218750000e+12,1.36883715619396301e+18,7.49778246267623936e+17
-4.57031250000000000e-01,1.00000000000000000e+00,1.00002285156250000e+12,1.36599140745157683e+18,7.49778270154441216e+17
-4.49218750000000000e-01,1.00000000000000000e+00,1.00002246093750000e+12,1.36314709309035546e+18,7.49778293205250816e+17
-4.41406250000000000e-01,1.00000000000000000e+00,1.00002207031250000e+12,1.36030416308091955e+18,7.49778315454871808e+17
-4.33593750000000000e-01,1.00000000000000000e+00,1.00002167968750000e+12,1.35746256946820326e+18,7.49778336936367104e+17
-4.25781250000000000e-01,1.00000000000000000e+00,1.00002128906250000e+12,1.35462226626749082e+18,7.49778357681156352e+17
-4.17968750000000000e-01,1.00000000000000000e+00,1.00002089843750000e+12,1.35178320936636083e+18,7.49778377719093376e+17
-4.10156250000000000e-01,1.00000000000000000e+00,1.00002050781250000e+12,1.34894535643215693e+18,7.49778397078569472e+17
-4.02343750000000000e-01,1.00000000000000000e+00,1.00002011718750000e+12,1.34610866682462029e+18,7.49778415786582784e+17
-3.94531250000000000e-01,1.00000000000000000e+00,1.00001972656250000e+12,1.34327310151334733e+18,7.49778433868816384e+17
-3.86718750000000000e-01,1.00000000000000000e+00,1.00001933593750000e+12,1.34043862299974810e+18,7.49778451349714688e+17
-3.78906250000000000e-01,1.00000000000000000e+00,1.00001894531250000e+12,1.33760519524322304e+18,7.49778468252550400e+17
-3.71093750000000000e-01,1.00000000000000000e+00,1.00001855468750000e+12,1.33477278359126784e+18,7.49778484599477120e+17
-3.63281250000000000e-01,1.00000000000000000e+00,1.00001816406250000e+12,1.33194135471325286e+18,7.49778500411598592e+17
-3.55468750000000000e-01,1.00000000000000000e+00,1.00001777343750000e+12,1.32911087653762022e+18,7.49778515709016320e+17
-3.47656250000000000e-01,1.00000000000000000e+00,1.00001738281250000e+12,1.32628131819226854e+18,7.49778530510881664e+17
-3.39843750000000000e-01,1.00000000000000000e+00,1.00001699218750000e+12,1.32345264994789427e+18,7.49778544835440384e+17
-3.32031250000000000e-01,1.00000000000000000e+00,1.00001660156250000e+12,1.32062484316407962e+18,7.49778558700079360e+17
-3.24218750000000000e-01,1.00000000000000000e+00,1.00001621093750000e+12,1.31779787023789568e+18,7.49778572121365888e+17
-3.16406250000000000e-01,1.00000000000000000e+00,1.00001582031250000e+12,1.31497170455483034e+18,7.49778585115078400e+17
-3.08593750000000000e-01,1.00000000000000000e+00,1.00001542968750000e+12,1.31214632044181606e+18,7.49778597696244736e+17
-3.00781250000000000e-01,1.00000000000000000e+00,1.00001503906250000e+12,1.30932169312215117e+18,7.49778609879170304e+17
-2.92968750000000000e-01,1.00000000000000000e+00,1.00001464843750000e+12,1.30649779867208397e+18,7.49778621677461888e+17
-2.85156250000000000e-01,1.00000000000000000e+00,1.00001425781250000e+12,1.30367461397883187e+18,7.49778633104049792e+17
-2.77343750000000000e-01,1.00000000000000000e+00,1.00001386718750000e+12,1.30085211669977856e+18,7.49778644171203968e+17
-2.69531250000000000e-01,1.00000000000000000e+00,1.00001347656250000e+12,1.29803028522256896e+18,7.49778654890551680e+17
-2.61718750000000000e-01,1.00000000000000000e+00,1.00001308593750000e+12,1.29520909862578560e+18,7.49778665273074816e+17
-2.53906250000000000e-01,1.00000000000000000e+00,1.00001269531250000e+12,1.29238853663984845e+18,7.49778675329117952e+17
-2.46093750000000000e-01,1.00000000000000000e+00,1.00001230468750000e+12,1.28956857960771302e+18,7.49778685068374528e+17
-2.38281250000000000e-01,1.00000000000000000e+00,1.00001191406250000e+12,1.28674920844486400e+18,7.49778694499883264e+17
-2.30468750000000000e-01,1.00000000000000000e+00,1.00001152343750000e+12,1.28393040459802854e+18,7.49778703631984128e+17
-2.22656250000000000e-01,1.00000000000000000e+00,1.00001113281250000e+12,1.28111215000184806e+18,7.49778712472294912e+17
-2.14843750000000000e-01,1.00000000000000000e+00,1.00001074218750000e+12,1.27829442703265997e+18,7.49778721027642112e+17
-2.07031250000000000e-01,1.00000000000000000e+00,1.00001035156250000e+12,1.27547721845829606e+18,7.49778729303994880e+17
-1.99218750000000000e-01,1.00000000000000000e+00,1.00000996093750000e+12,1.27266050738254157e+18,7.49778737306364800e+17
-1.91406250000000000e-01,1.00000000000000000e+00,1.00000957031250000e+12,1.26984427718262246e+18,7.49778745038666496e+17
-1.83593750000000000e-01,1.00000000000000000e+00,1.00000917968750000e+12,1.26702851143764096e+18,7.49778752503563392e+17
-1.75781250000000000e-01,1.00000000000000000e+00,1.00000878906250000e+12,1.26421319384539008e+18,7.49778759702245760e+17
-1.67968750000000000e-01,1.00000000000000000e+00,1.00000839843750000e+12,1.26139830812434867e+18,7.49778766634159232e+17
-1.60156250000000000e-01,1.00000000000000000e+00,1.00000800781250000e+12,1.25858383789682560e+18,7.49778773296657920e+17
-1.52343750000000000e-01,1.00000000000000000e+00,1.00000761718750000e+12,1.25576976654824064e+18,7.49778779684571776e+17
-1.44531250000000000e-01,1.00000000000000000e+00,1.00000722656250000e+12,1.25295607705624550e+18,7.49778785789648384e+17
-1.36718750000000000e-01,1.00000000000000000e+00,1.00000683593750000e+12,1.25014275178179379e+18,7.49778791599855616e+17
-1.28906250000000000e-01,1.00000000000000000e+00,1.00000644531250000e+12,1.24732977221225523e+18,7.49778797098511488e+17
-1.21093750000000000e-01,1.00000000000000000e+00,1.00000605468750000e+12,1.24451711864417536e+18,7.49778802263170176e+17
-1.13281250000000000e-01,1.00000000000000000e+00,1.00000566406250000e+12,1.24170476979007667e+18,7.49778807064240512e+17
-1.05468750000000000e-01,1.00000000000000000e+00,1.00000527343750000e+12,1.23889270228975283e+18,7.49778811463234176e+17
-9.76562500000000000e-02,1.00000000000000000e+00,1.00000488281250000e+12,1.23608089010148531e+18,7.49778815410573312e+17
-8.98437500000000000e-02,1.00000000000000000e+00,1.00000449218750000e+12,1.23326930374235213e+18,7.49778818842827008e+17
-8.20312500000000000e-02,1.00000000000000000e+00,1.00000410156250000e+12,1.23045790933887027e+18,7.49778821679252352e+17
-7.42187500000000000e-02,1.00000000000000000e+00,1.00000371093750000e+12,1.22764666743936794e+18,7.49778823817425024e+17
-6.64062500000000000e-02,1.00000000000000000e+00,1.00000332031250000e+12,1.22483553152692838e+18,7.49778825127776384e+17
-5.85937500000000000e-02,1.00000000000000000e+00,1.00000292968750000e+12,1.22202444615621120e+18,7.49778825446713984e+17
-5.07812500000000000e-02,1.00000000000000000e+00,1.00000253906250000e+12,1.21921334461768960e+18,7.49778824567980800e+17
-4.29687500000000000e-02,1.00000000000000000e+00,1.00000214843750000e+12,1.21640214600823526e+18,7.49778822231799680e+17
-3.51562500000000000e-02,1.00000000000000000e+00,1.00000175781250000e+12,1.21359075155587251e+18,7.49778818111247616e+17
-2.73437500000000000e-02,1.00000000000000000e+00,1.00000136718750000e+12,1.21077904000759526e+18,7.49778811795120384e+17
-1.95312500000000000e-02,1.00000000000000000e+00,1.00000097656250000e+12,1.20796686184011776e+18,7.49778802766410112e+17
-1.17187500000000000e-02,1.00000000000000000e+00,1.00000058593750000e+12,1.20515403199190246e+18,7.49778790375284480e+17
-3.90625000000000000e-03,1.00000000000000000e+00,1.00000019531250000e+12,1.20234032073750298e+18,7.49778773805114624e+17
3.90625000000000000e-03,3.00000000000000000e+00,9.99999414062500000e+11,1.19673456966765184e+18,7.49413112495985792e+17
1.17187500000000000e-02,3.00000000000000000e+00,9.99998242187500000e+11,1.18833297707658189e+18,7.49412843516834816e+17
1.95312500000000000e-02,3.00000000000000000e+00,9.99997070312500000e+11,1.17992775405428378e+18,7.49412741142233472e+17
2.73437500000000000e-02,3.00000000000000000e+00,9.99995898437500000e+11,1.17152136329945830e+18,7.49412721237064192e+17
3.51562500000000000e-02,3.00000000000000000e+00,9.99994726562500000e+11,1.16311501418963712e+18,7.49412741288520960e+17
4.29687500000000000e-02,3.00000000000000000e+00,9.99993554687500000e+11,1.15470928301773491e+18,7.49412779835325312e+17
5.07812500000000000e-02,3.00000000000000000e+00,9.99992382812500000e+11,1.14630442677061926e+18,7.49412826070156416e+17
5.85937500000000000e-02,3.00000000000000000e+00,9.99991210937500000e+11,1.13790054198182438e+18,7.49412874581956864e+17
6.64062500000000000e-02,3.00000000000000000e+00,9.99990039062500000e+11,1.12949764522405478e+18,7.49412922695622528e+17
7.42187500000000000e-02,3.00000000000000000e+00,9.99988867187500000e+11,1.12109571393776486e+18,7.49412969124649984e+17
8.20312500000000000e-02,3.00000000000000000e+00,9.99987695312500000e+11,1.11269470716026368e+18,7.49413013287794688e+17
8.98437500000000000e-02,3.00000000000000000e+00,9.99986523437500000e+11,1.10429457605268211e+18,7.49413054961802112e+17
9.76562500000000000e-02,3.00000000000000000e+00,9.99985351562500000e+11,1.09589526923616858e+18,7.49413094104400384e+17
1.05468750000000000e-01,3.00000000000000000e+00,9.99984179687500000e+11,1.08749673547819149e+18,7.49413130763740672e+17
1.13281250000000000e-01,3.00000000000000000e+00,9.99983007812500000e+11,1.07909892501990029e+18,7.49413165031781888e+17
1.21093750000000000e-01,3.00000000000000000e+00,9.99981835937500000e+11,1.07070179020246310e+18,7.49413197020178048e+17
1.28906250000000000e-01,3.00000000000000000e+00,9.99980664062500000e+11,1.06230528572923610e+18,7.49413226847678208e+17
1.36718750000000000e-01,3.00000000000000000e+00,9.99979492187500000e+11,1.05390936873736435e+18,7.49413254633516416e+17
1.44531250000000000e-01,3.00000000000000000e+00,9.99978320312500000e+11,1.04551399876916109e+18,7.49413280493935616e+17
1.52343750000000000e-01,3.00000000000000000e+00,9.99977148437500000e+11,1.03711913769086592e+18,7.49413304540365824e+17
1.60156250000000000e-01,3.00000000000000000e+00,9.99975976562500000e+11,1.02872474958431168e+18,7.49413326878512000e+17
1.67968750000000000e-01,3.00000000000000000e+00,9.99974804687500000e+11,1.02033080062546778e+18,7.49413347607949952e+17
1.75781250000000000e-01,3.00000000000000000e+00,9.99973632812500000e+11,1.01193725895767987e+18,7.49413366821985280e+17
1.83593750000000000e-01,3.00000000000000000e+00,9.99972460937500000e+11,1.00354409456409728e+18,7.49413384607700992e+17
1.91406250000000000e-01,3.00000000000000000e+00,9.99971289062500000e+11,9.95151279141883648e+17,7.49413401046081664e+17
1.99218750000000000e-01,3.00000000000000000e+00,9.99970117187500000e+11,9.86758785979746816e+17,7.49413416212207872e+17
2.07031250000000000e-01,3.00000000000000000e+00,9.99968945312500000e+11,9.78366589839653504e+17,7.49413430175468672e+17
2.14843750000000000e-01,3.00000000000000000e+00,9.99967773437500000e+11,9.69974666843181952e+17,7.49413442999806464e+17
2.22656250000000000e-01,3.00000000000000000e+00,9.99966601562500000e+11,9.61582994362712448e+17,7.49413454743942272e+17
2.30468750000000000e-01,3.00000000000000000e+00,9.99965429687500000e+11,9.53191550917462912e+17,7.49413465461619968e+17
2.38281250000000000e-01,3.00000000000000000e+00,9.99964257812500000e+11,9.44800316074256384e+17,7.49413475201836544e+17
2.46093750000000000e-01,3.00000000000000000e+00,9.99963085937500000e+11,9.36409270352837248e+17,7.49413484009050112e+17
2.53906250000000000e-01,3.00000000000000000e+00,9.99961914062500000e+11,9.28018395135474432e+17,7.49413491923390848e+17
2.61718750000000000e-01,3.00000000000000000e+00,9.99960742187500000e+11,9.19627672580564096e+17,7.49413498980844416e+17
2.69531250000000000e-01,3.00000000000000000e+00,9.99959570312500000e+11,9.11237085539917824e+17,7.49413505213431552e+17
2.77343750000000000e-01,3.00000000000000000e+00,9.99958398437500000e+11,9.02846617479391872e+17,7.49413510649353344e+17
2.85156250000000000e-01,3.00000000000000000e+00,9.99957226562500000e+11,8.94456252402523648e+17,7.49413515313139584e+17
2.92968750000000000e-01,3.00000000000000000e+00,9.99956054687500000e+11,8.86065974776817280e+17,7.49413519225765888e+17
3.00781250000000000e-01,3.00000000000000000e+00,9.99954882812500000e+11,8.77675769462329600e+17,7.49413522404754432e+17
3.08593750000000000e-01,3.00000000000000000e+00,9.99953710937500000e+11,8.69285621642193408e+17,7.49413524864267648e+17
3.16406250000000000e-01,3.00000000000000000e+00,9.99952539062500000e+11,8.60895516754735744e+17,7.49413526615172352e+17
3.24218750000000000e-01,3.00000000000000000e+00,9.99951367187500000e+11,8.52505440426822528e+17,7.49413527665091712e+17
3.32031250000000000e-01,3.00000000000000000e+00,9.99950195312500000e+11,8.44115378408088064e+17,7.49413528018441472e+17
3.39843750000000000e-01,3.00000000000000000e+00,9.99949023437500000e+11,8.35725316505676800e+17,7.49413527676447232e+17
3.47656250000000000e-01,3.00000000000000000e+00,9.99947851562500000e+11,8.27335240519152000e+17,7.49413526637138560e+17
3.55468750000000000e-01,3.00000000000000000e+00,9.99946679687500000e+11,8.18945136175197312e+17,7.49413524895333504e+17
3.63281250000000000e-01,3.00000000000000000e+00,9.99945507812500000e+11,8.10554989061742720e+17,7.49413522442605824e+17
3.71093750000000000e-01,3.00000000000000000e+00,9.99944335937500000e+11,8.02164784561137664e+17,7.49413519267219456e+17
3.78906250000000000e-01,3.00000000000000000e+00,9.99943164062500000e+11,7.93774507781977472e+17,7.49413515354058368e+17
3.86718750000000000e-01,3.00000000000000000e+00,9.99941992187500000e+11,7.85384143489180672e+17,7.49413510684529792e+17
3.94531250000000000e-01,3.00000000000000000e+00,9.99940820312500000e+11,7.76993676031891200e+17,7.49413505236446464e+17
4.02343750000000000e-01,3.00000000000000000e+00,9.99939648437500000e+11,7.68603089268771584e+17,7.49413498983887744e+17
4.10156250000000000e-01,3.00000000000000000e+00,9.99938476562500000e+11,7.60212366490211968e+17,7.49413491897036416e+17
4.17968750000000000e-01,3.00000000000000000e+00,9.99937304687500000e+11,7.51821490336969216e+17,7.49413483941991552e+17
4.25781250000000000e-01,3.00000000000000000e+00,9.99936132812500000e+11,7.43430442714704896e+17,7.49413475080554368e+17
4.33593750000000000e-01,3.00000000000000000e+00,9.99934960937500000e+11,7.35039204703864576e+17,7.49413465269984896e+17
4.41406250000000000e-01,3.00000000000000000e+00,9.99933789062500000e+11,7.26647756464292352e+17,7.49413454462724736e+17
4.49218750000000000e-01,3.00000000000000000e+00,9.99932617187500000e+11,7.18256077133926528e+17,7.49413442606100992e+17
4.57031250000000000e-01,3.00000000000000000e+00,9.99931445312500000e+11,7.09864144720874368e+17,7.49413429641968640e+17
4.64843750000000000e-01,3.00000000000000000e+00,9.99930273437500000e+11,7.01471935988095104e+17,7.49413415506341248e+17
4.72656250000000000e-01,3.00000000000000000e+00,9.99929101562500000e+11,6.93079426329853184e+17,7.49413400128957184e+17
4.80468750000000000e-01,3.00000000000000000e+00,9.99927929687500000e+11,6.84686589639030656e+17,7.49413383432813568e+17
4.88281250000000000e-01,3.00000000000000000e+00,9.99926757812500000e+11,6.76293398164294528e+17,7.49413365333638400e+17
4.96093750000000000e-01,3.00000000000000000e+00,9.99925585937500000e+11,6.67899822356004480e+17,7.49413345739313152e+17
5.03906250000000000e-01,3.00000000000000000e+00,9.99924414062500000e+11,6.59505830699663616e+17,7.49413324549228288e+17
5.11718750000000000e-01,3.00000000000000000e+00,9.99923242187500000e+11,6.51111389535549184e+17,7.49413301653572096e+17
5.19531250000000000e-01,3.00000000000000000e+00,9.99922070312500000e+11,6.42716462863050752e+17,7.49413276932541696e+17
5.27343750000000000e-01,3.00000000000000000e+00,9.99920898437500000e+11,6.34321012128054784e+17,7.49413250255467904e+17
5.35156250000000000e-01,3.00000000000000000e+00,9.99919726562500000e+11,6.25924995991547520e+17,7.49413221479846912e+17
5.42968750000000000e-01,3.00000000000000000e+00,9.99918554687500000e+11,6.17528370077388928e+17,7.49413190450266880e+17
5.50781250000000000e-01,3.00000000000000000e+00,9.99917382812500000e+11,6.09131086696981376e+17,7.49413156997213440e+17
5.58593750000000000e-01,3.00000000000000000e+00,9.99916210937500000e+11,6.00733094548275712e+17,7.49413120935745792e+17
5.66406250000000000e-01,3.00000000000000000e+00,9.99915039062500000e+11,5.92334338386259840e+17,7.49413082064023296e+17
5.74218750000000000e-01,3.00000000000000000e+00,9.99913867187500000e+11,5.83934758661724544e+17,7.49413040161665408e+17
5.82031250000000000e-01,3.00000000000000000e+00,9.99912695312500000e+11,5.75534291124684288e+17,7.49412994987922688e+17
5.89843750000000000e-01,3.00000000000000000e+00,9.99911523437500000e+11,5.67132866388389248e+17,7.49412946279640832e+17
5.97656250000000000e-01,3.00000000000000000e+00,9.99910351562500000e+11,5.58730409449322304e+17,7.49412893748976000e+17
6.05468750000000000e-01,3.00000000000000000e+00,9.99909179687500000e+11,5.50326839157967040e+17,7.49412837080846464e+17
6.13281250000000000e-01,3.00000000000000000e+00,9.99908007812500000e+11,5.41922067634426432e+17,7.49412775930073216e+17
6.21093750000000000e-01,3.00000000000000000e+00,9.99906835937500000e+11,5.33515999622161216e+17,7.49412709918163328e+17
6.28906250000000000e-01,3.00000000000000000e+00,9.99905664062500000e+11,5.25108531772154176e+17,7.49412638629696768e+17
6.36718750000000000e-01,3.00000000000000000e+00,9.99904492187500000e+11,5.16699551848714816e+17,7.49412561608251520e+17
6.44531250000000000e-01,3.00000000000000000e+00,9.99903320312500000e+11,5.08288937846832896e+17,7.49412478351796864e+17
6.52343750000000000e-01,3.00000000000000000e+00,9.99902148437500000e+11,4.99876557009491776e+17,7.49412388307477760e+17
6.60156250000000000e-01,3.00000000000000000e+00,9.99900976562500000e+11,4.91462264731554944e+17,7.49412290865697536e+17
6.67968750000000000e-01,3.00000000000000000e+00,9.99899804687500000e+11,4.83045903334751616e+17,7.49412185353382144e+17
6.75781250000000000e-01,3.00000000000000000e+00,9.99898632812500000e+11,4.74627300695806592e+17,7.49412071026298240e+17
6.83593750000000000e-01,3.00000000000000000e+00,9.99897460937500000e+11,4.66206268706814208e+17,7.49411947060263552e+17
6.91406250000000000e-01,3.00000000000000000e+00,9.99896289062500000e+11,4.57782601543451520e+17,7.49411812541071488e+17
6.99218750000000000e-01,3.00000000000000000e+00,9.99895117187500000e+11,4.49356073712457152e+17,7.49411666452892928e+17
7.07031250000000000e-01,3.00000000000000000e+00,9.99893945312500000e+11,4.40926437844799104e+17,7.49411507664899712e+17
7.14843750000000000e-01,3.00000000000000000e+00,9.99892773437500000e+11,4.32493422194942976e+17,7.49411334915782144e+17
7.22656250000000000e-01,3.00000000000000000e+00,9.99891601562500000e+11,4.24056727799426112e+17,7.49411146795770880e+17
7.30468750000000000e-01,3.00000000000000000e+00,9.99890429687500000e+11,4.15616025239204416e+17,7.49410941725699328e+17
7.38281250000000000e-01,3.00000000000000000e+00,9.99889257812500000e+11,4.07170950939685952e+17,7.49410717932533248e+17
7.46093750000000000e-01,3.00000000000000000e+00,9.99888085937500000e+11,3.98721102929558720e+17,7.49410473420676736e+17
7.53906250000000000e-01,3.00000000000000000e+00,9.99886914062500000e+11,3.90266035963922624e+17,7.49410205938216960e+17
7.61718750000000000e-01,3.00000000000000000e+00,9.99885742187500000e+11,3.81805255898213056e+17,7.49409912937077248e+17
7.69531250000000000e-01,3.00000000000000000e+00,9.99884570312500000e+11,3.73338213176162496e+17,7.49409591525814016e+17
7.77343750000000000e-01,3.00000000000000000e+00,9.99883398437500000e+11,3.64864295266518336e+17,7.49409238413524608e+17
7.85156250000000000e-01,3.00000000000000000e+00,9.99882226562500000e+11,3.56382817848192000e+17,7.49408849842954240e+17
7.92968750000000000e-01,3.00000000000000000e+00,9.99881054687500000e+11,3.47893014500314432e+17,7.49408421510457472e+17
8.00781250000000000e-01,3.00000000000000000e+00,9.99879882812500000e+11,3.39394024600221312e+17,7.49407948469906432e+17
8.08593750000000000e-01,3.00000000000000000e+00,9.99878710937500000e+11,3.30884879066015296e+17,7.49407425016920960e+17
8.16406250000000000e-01,3.00000000000000000e+00,9.99877539062500000e+11,3.22364483497450624e+17,7.49406844548886016e+17
8.24218750000000000e-01,3.00000000000000000e+00,9.99876367187500000e+11,3.13831598164557632e+17,7.49406199395019392e+17
8.32031250000000000e-01,3.00000000000000000e+00,9.99875195312500000e+11,3.05284814160735040e+17,7.49405480609148032e+17
8.39843750000000000e-01,3.00000000000000000e+00,9.99874023437500000e+11,2.96722524865647168e+17,7.49404677715630976e+17
8.47656250000000000e-01,3.00000000000000000e+00,9.99872851562500000e+11,2.88142891637028320e+17,7.49403778395644672e+17
8.55468750000000000e-01,3.00000000000000000e+00,9.99871679687500000e+11,2.79543802342805248e+17,7.49402768096154240e+17
8.63281250000000000e-01,3.00000000000000000e+00,9.99870507812500000e+11,2.70922820909846176e+17,7.49401629536071552e+17
8.71093750000000000e-01,3.00000000000000000e+00,9.99869335937500000e+11,2.62277125420534560e+17,7.49400342070899968e+17
8.78906250000000000e-01,3.00000000000000000e+00,9.99868164062500000e+11,2.53603431280306112e+17,7.49398880853921664e+17
8.86718750000000000e-01,3.00000000000000000e+00,9.99866992187500000e+11,2.44897894318596480e+17,7.49397215689582336e+17
8.94531250000000000e-01,3.00000000000000000e+00,9.99865820312500000e+11,2.36155985815405568e+17,7.49395309395282304e+17
9.02343750000000000e-01,3.00000000000000000e+00,9.99864648437500000e+11,2.27372326283917152e+17,7.49393115336125184e+17
9.10156250000000000e-01,3.00000000000000000e+00,9.99863476562500000e+11,2.18540455270144288e+17,7.49390573503997952e+17
9.17968750000000000e-01,3.00000000000000000e+00,9.99862304687500000e+11,2.09652496296063520e+17,7.49387603940736256e+17
9.25781250000000000e-01,3.00000000000000000e+00,9.99861132812500000e+11,2.00698641182784640e+17,7.49384095184424832e+17
9.33593750000000000e-01,3.00000000000000000e+00,9.99859960937500000e+11,1.91666310179703904e+17,7.49379883212900736e+17
9.41406250000000000e-01,3.00000000000000000e+00,9.99858789062500000e+11,1.82538711652072128e+17,7.49374712010127488e+17
9.49218750000000000e-01,3.00000000000000000e+00,9.99857617187500000e+11,1.73292264379167328e+17,7.49368158293344640e+17
9.57031250000000000e-01,3.00000000000000000e+00,9.99856445312500000e+11,1.63891831827268928e+17,7.49359485962780544e+17
9.64843750000000000e-01,3.00000000000000000e+00,9.99855273437500000e+11,1.54281703793590688e+17,7.49347362257882496e+17
9.72656250000000000e-01,3.00000000000000000e+00,9.99854101562500000e+11,1.44368257096377152e+17,7.49329301163930112e+17
9.80468750000000000e-01,3.00000000000000000e+00,9.99852929687500000e+11,1.33986264568136784e+17,7.49300568117264896e+17
9.88281250000000000e-01,3.00000000000000000e+00,9.99851757812500000e+11,1.22832982256785168e+17,7.49252019766947456e+17
9.96093750000000000e-01,3.00000000000000000e+00,9.99850585937500000e+11,1.10338630701826208e+17,7.49165837266625024e+17
