z_cm,Jhat_re_per_cm,Jhat_im_per_cm,Fxhat_re_per_cm,Fxhat_im_per_cm,Fzhat_re_per_cm,Fzhat_im_per_cm,fxhat_re_dyn_cm3_per_cm,fxhat_im_dyn_cm3_per_cm,fzhat_re_dyn_cm3_per_cm,fzhat_im_dyn_cm3_per_cm
-9.96093750000000000e-01,-4.12163456057915150e+15,-1.69894884351500602e-01,-2.65888214111328125e-01,3.23919478580285640e+16,4.36381883950886480e+16,-1.43073970079421997e+00,-1.77381523127795378e-11,2.16095815579380328e+06,2.91122656561884843e+06,-9.54486787518997484e-11
-9.88281250000000000e-01,-4.37782803830571500e+15,-4.21661402201395308e-01,2.27523803710937500e-01,3.35706292176613600e+16,4.46685943072898960e+16,-2.27991104125976562e+00,1.51787543441761632e-11,2.23959131204437139e+06,2.97996784877689555e+06,-1.52099292722018067e-10
-9.80468750000000000e-01,-4.62357823362642700e+15,-4.21720589507255994e-01,-6.29577636718750000e-01,3.48783610003599440e+16,4.57380277789264640e+16,-1.38072776794433594e+00,-4.20008989498161404e-11,2.32683378581591556e+06,3.05131277044510981e+06,-9.21122417258632792e-11
-9.72656250000000000e-01,-4.86025609573630100e+15,-5.25965078004436815e-01,-7.52990722656250000e-01,3.62545870004680640e+16,4.68494921562673200e+16,-2.05646324157714844e+00,-5.02341338190869332e-11,2.41864570191876264e+06,3.12546169231964555e+06,-1.37192460096988056e-10
-9.64843750000000000e-01,-5.09074107190422000e+15,-2.87057533710974089e-01,-5.49224853515625000e-01,3.76590015048579360e+16,4.80044282203962400e+16,-6.47045135498046875e-01,-3.66403382646554065e-11,2.51233815260675643e+06,3.20251073296822142e+06,-4.31662050349543372e-11
-9.57031250000000000e-01,-5.31838845597790700e+15,-3.56368706484212761e-01,-5.94116210937500000e-01,3.90710986282986080e+16,4.92033482004959680e+16,-3.26672935485839844e+00,-3.96351672687843204e-11,2.60654313246923685e+06,3.28249406464361167e+06,-2.17932724302116900e-10
-9.49218750000000000e-01,-5.54629969548049300e+15,-4.62950991054643268e-01,-1.57061767578125000e+00,4.04861147568075040e+16,5.04463920632298080e+16,-2.26420593261718750e+00,-1.04780332784839431e-10,2.70094284738860931e+06,3.36542102491649752e+06,-1.51051560651148029e-10
-9.41406250000000000e-01,-5.77692125947114400e+15,-2.08642370941522409e-01,-7.86285400390625000e-01,4.19095273789771680e+16,5.17337296787733360e+16,-1.98015594482421875e+00,-5.24553156297631049e-11,2.79590271607013978e+06,3.45130294630516227e+06,-1.32101785217306477e-10
-9.33593750000000000e-01,-6.01192380669405000e+15,-2.58819323372196874e-01,-1.58880615234375000e+00,4.33517477699462960e+16,5.30657918842529360e+16,-3.45470428466796875e+00,-1.05993737330360045e-10,2.89211730402812827e+06,3.54016857116885390e+06,-2.30473061778490005e-10
-9.25781250000000000e-01,-6.25227679470267600e+15,-2.62365915433438568e-01,-1.21875000000000000e+00,4.48239835370816240e+16,5.44433537971651440e+16,-4.12372589111328125e+00,-8.13062482045495586e-11,2.99033430234469892e+06,3.63206960978085315e+06,-2.75105379142878954e-10
-9.17968750000000000e-01,-6.49842780428095600e+15,-5.10746796940912406e-01,-2.27050781250000000e-01,4.63356374877647600e+16,5.58675139723633760e+16,-1.53412628173828125e+00,-1.51471976823379574e-11,3.09118099880716531e+06,3.72707934983230103e+06,-1.02345889017547007e-10
-9.10156250000000000e-01,-6.75051032242617500e+15,-5.16401869010304382e-01,-8.21777343750000000e-01,4.78931576228965760e+16,5.73396166641325040e+16,-1.48023986816406250e+00,-5.48230832244619026e-11,3.19508755773279490e+06,3.82528747031604778e+06,-9.87509744600754672e-11
-9.02343750000000000e-01,-7.00852788102451900e+15,-3.38229233779624883e-01,-1.21075439453125000e+00,4.94999922730312800e+16,5.88611571468440080e+16,-2.27308654785156250e+00,-8.07728388238005517e-11,3.30228402697383892e+06,3.92679372520065214e+06,-1.51644011528239479e-10
-8.94531250000000000e-01,-7.27248768874786200e+15,-3.59873829410987223e-01,-4.01000976562500000e-01,5.11572151953392720e+16,6.04336974863258400e+16,-4.07441711425781250e+00,-2.67519055841291372e-11,3.41284203989809984e+06,4.03170232430102257e+06,-2.71815851635454584e-10
-8.86718750000000000e-01,-7.54247767889790100e+15,-3.11973930411460043e-01,-1.64062500000000000e+00,5.28644202144564000e+16,6.20588069492293040e+16,-1.98603820800781250e+00,-1.09450718736893637e-10,3.52673449940200942e+06,4.14011795781929232e+06,-1.32494207576617037e-10
-8.78906250000000000e-01,-7.81869472516939100e+15,-5.52536734402621632e-01,-6.85668945312500000e-01,5.46205885586538880e+16,6.37380303528446240e+16,-8.78631591796875000e-01,-4.57429082697270480e-11,3.64389344035158353e+06,4.25214368487179372e+06,-5.86159903860473363e-11
-8.71093750000000000e-01,-8.10143854525216500e+15,-3.67694222916018998e-01,-2.32263183593750000e+00,5.64247561799027680e+16,6.54728804264871520e+16,-2.50552368164062500e+00,-1.54949317366582981e-10,3.76425454838512093e+06,4.36788042389559653e+06,-1.67150547972799554e-10
-8.63281250000000000e-01,-8.39108690920533500e+15,-6.56830964360397451e-01,-1.55725097656250000e+00,5.82764192068376800e+16,6.72648467327400960e+16,-3.75820922851562500e+00,-1.03888602598701795e-10,3.88778420882340381e+06,4.48742754780976474e+06,-2.50720732175031906e-10
-8.55468750000000000e-01,-8.68806521442248300e+15,-4.31631447976064453e-01,-1.74487304687500000e+00,6.01756953652687760e+16,6.91154131441557120e+16,-3.32278442382812500e+00,-1.16405399823300414e-10,4.01449027548710210e+06,4.61088404993535299e+06,-2.21672315974548287e-10
-8.47656250000000000e-01,-8.99281926447706100e+15,-8.02438919638342907e-01,-2.05834960937500000e+00,6.21233033464542560e+16,7.10260772206201440e+16,-3.10717773437500000e+00,-1.37318305010528298e-10,4.14442069429606851e+06,4.73834983671404701e+06,-2.07288585917328171e-10
-8.39843750000000000e-01,-9.30579574211327200e+15,-5.23947114320129304e-01,-2.33874511718750000e+00,6.41204355306234160e+16,7.29983670405522240e+16,-5.22952270507812500e+00,-1.56024279782748880e-10,4.27765501229676791e+06,4.86992685056488123e+06,-3.48876201887515437e-10
-8.32031250000000000e-01,-9.62743135550600200e+15,-8.13299188387714200e-01,-1.61059570312500000e+00,6.61685915833311040e+16,7.50338532957281440e+16,-7.10299682617187500e+00,-1.07447379688584414e-10,4.41429327640597895e+06,5.00571987676408701e+06,-4.73860941903473393e-10
-8.24218750000000000e-01,-9.95814936226144200e+15,-8.27310328008289075e-01,-1.04699707031250000e+00,6.82694214285917760e+16,7.71341562679702880e+16,-4.06958007812500000e+00,-6.98481260867810049e-11,4.55444555770590901e+06,5.14583700887967553e+06,-2.71493159319238084e-10
-8.16406250000000000e-01,-1.02983611167343400e+16,-1.09362664350946637e+00,-9.17236328125000000e-01,7.04246044741497680e+16,7.93009484635309600e+16,-6.64636230468750000e+00,-6.11914211747781812e-11,4.69822389422149956e+06,5.29038982451859768e+06,-4.43397565704438072e-10
-8.08593750000000000e-01,-1.06484701729342200e+16,-1.35618805654070917e+00,-1.76281738281250000e+00,7.26357733968702720e+16,8.15359542052887200e+16,-4.87548828125000000e+00,-1.17602517059485180e-10,4.84573720642900653e+06,5.43949335812101793e+06,-3.25257567436869929e-10
-8.00781250000000000e-01,-1.10088769449578680e+16,-1.10455783438183563e+00,-2.84423828125000000e+00,7.49044780422296000e+16,8.38409475200792000e+16,-7.12280273437500000e-01,-1.89747153762620660e-10,4.99708888888923265e+06,5.59326596001819335e+06,-4.75182249873344018e-11
-7.92968750000000000e-01,-1.13799826388737520e+16,-9.41612365949522023e-01,-2.35717773437500000e+00,7.72321784502227200e+16,8.62177494005064160e+16,-5.27642822265625000e+00,-1.57253971637605367e-10,5.15237634498615097e+06,5.75182911376018729e+06,-3.52005401193665091e-10
-7.85156250000000000e-01,-1.17621918698702660e+16,-9.91462512483239577e-01,-2.54907226562500000e+00,7.96202545877397280e+16,8.86682251454141440e+16,-3.60144042968750000e+00,-1.70055796775581301e-10,5.31169163620118331e+06,5.91530725869122054e+06,-2.40262243667750947e-10
-7.77343750000000000e-01,-1.21559139181542160e+16,-9.16896967630163484e-01,-2.75463867187500000e+00,8.20700222773358560e+16,9.11942821219738720e+16,-1.63250732421875000e+00,-1.83769711236364712e-10,5.47512254476634320e+06,6.08382764065224491e+06,-1.08909165701476706e-10
-7.69531250000000000e-01,-1.25615629039050380e+16,-1.05380300827977802e+00,-2.63867187500000000e+00,8.45827482815809120e+16,9.37978680195980960e+16,1.61828613281250000e+00,-1.76033239301837250e-10,5.64275357998371683e+06,6.25752019549458381e+06,1.07960429932663605e-10
-7.61718750000000000e-01,-1.29795572912022700e+16,-8.19061206185506263e-01,-2.93603515625000000e+00,8.71596611267130080e+16,9.64809695063831200e+16,-3.87316894531250000e+00,-1.95871182072899235e-10,5.81466670030191354e+06,6.43651745944743603e+06,-2.58390018958548962e-10
-7.53906250000000000e-01,-1.34103191160980720e+16,-7.70858491631067788e-01,-2.25561523437500000e+00,8.98019571582308320e+16,9.92456111418472960e+16,-1.01562500000000000e+00,-1.50478450953892899e-10,5.99094171730169561e+06,6.62095449658358563e+06,-6.77552068371246343e-11
-7.46093750000000000e-01,-1.38542732382215140e+16,-3.59876123189627806e-01,-1.97583007812500000e+00,9.25108031532283680e+16,1.02093854416273968e+17,-2.99072265625000000e+00,-1.31813194455011922e-10,6.17165646997219417e+06,6.81096883473125659e+06,-1.99519539364129014e-10
-7.38281250000000000e-01,-1.43118467940392840e+16,-7.59938186209573985e-01,-2.67700195312500000e+00,9.52873375925428160e+16,1.05027796843048624e+17,6.32080078125000000e-01,-1.78590346867565283e-10,6.35688690957948007e+06,7.00670040492136870e+06,4.21678438705085757e-11
-7.30468750000000000e-01,-1.47834689217469240e+16,-6.48144649708417120e-01,-2.19799804687500000e+00,9.81326726673054560e+16,1.08049571096919152e+17,-2.88391113281250000e+00,-1.46634645950632952e-10,6.54670723352923337e+06,7.20829148389844690e+06,-1.92393841529695841e-10
-7.22656250000000000e-01,-1.52695707526303420e+16,-3.48419047452322828e-01,-2.01196289062500000e+00,1.01047898585302384e+17,1.11161344248194272e+17,-3.98840332031250000e+00,-1.34223716236717329e-10,6.74119017265620269e+06,7.41588664303184487e+06,-2.66077628965068856e-10
-7.14843750000000000e-01,-1.57705856259181520e+16,-1.06235442694590998e+00,-2.24511718750000000e+00,1.04034091053471344e+17,1.14365317180598624e+17,-4.63110351562500000e+00,-1.49778096652451463e-10,6.94040749040266592e+06,7.62963270947920997e+06,-3.08953970791686817e-10
-7.07031250000000000e-01,-1.62869494776732040e+16,-1.38905788827397170e+00,-4.24560546875000000e-01,1.07092322162273056e+17,1.17663724296989616e+17,-3.62219238281250000e+00,-2.83236309350383960e-11,7.14443070894552302e+06,7.84967874655403104e+06,-2.41646664961297997e-10
-6.99218750000000000e-01,-1.68191013683583480e+16,-7.34709738779268040e-01,2.47070312500000000e-01,1.10223674406141664e+17,1.21058833615791840e+17,-5.85693359375000000e+00,1.64827570478774330e-11,7.35333204454007000e+06,8.07617606015904713e+06,-3.90732550966975935e-10
-6.91406250000000000e-01,-1.73674841370915640e+16,-8.67742058697384855e-01,-1.44091796875000000e+00,1.13429257276753952e+17,1.24552947347452528e+17,-2.61206054687500000e+00,-9.61276997001705627e-11,7.56718551450376678e+06,8.30927823724321462e+06,-1.74257922584229915e-10
-6.83593750000000000e-01,-1.79325451942359980e+16,-6.60744508429919053e-01,-2.81640625000000000e+00,1.16710225738792464e+17,1.28148403020355904e+17,-1.23583984375000000e+00,-1.87890400498334063e-10,7.78606816978647653e+06,8.54914122091463022e+06,-8.24463598580588596e-11
-6.75781250000000000e-01,-1.85147374821333760e+16,-1.24012672386072031e+00,-1.46337890625000000e+00,1.20067799887900832e+17,1.31847575203743920e+17,-2.47680664062500000e+00,-9.76261321590685182e-11,8.01006140640808363e+06,8.79592342538142949e+06,-1.65234753212170513e-10
-6.67968750000000000e-01,-1.91145206440217480e+16,-1.20565254276683320e+00,-1.54785156250000000e+00,1.23503285139030112e+17,1.35652877854164064e+17,-3.98803710937500000e+00,-1.03261541189271673e-10,8.23925231227999087e+06,9.04978589248993434e+06,-2.66053198001065124e-10
-6.60156250000000000e-01,-1.97323624434885760e+16,-1.31808928402695980e+00,-1.29931640625000000e+00,1.27018092352063152e+17,1.39566767292623248e+17,-3.37426757812500000e+00,-8.66810602853791557e-11,8.47373500984225236e+06,9.31089249033898301e+06,-2.25106902330745086e-10
-6.52343750000000000e-01,-2.03687404726621120e+16,-7.68404359709990326e-01,-3.13867187500000000e+00,1.30613757339772672e+17,1.43591745801872608e+17,-2.55419921875000000e+00,-2.09389648821652452e-10,8.71361195749445260e+06,9.57941015326493606e+06,-1.70397830271634095e-10
-6.44531250000000000e-01,-2.10241441787274560e+16,-1.21025665065571419e+00,-3.98339843750000000e+00,1.34291959207996912e+17,1.47730365816133664e+17,-7.91381835937500000e+00,-2.65743739123683998e-10,8.95899517312052660e+06,9.85550916135012731e+06,-5.27953132121489149e-10
-6.36718750000000000e-01,-2.16990772271209080e+16,-8.98032291781623138e-01,-1.50927734375000000e+00,1.38054536950767088e+17,1.51985234658040000e+17,-8.91552734375000000e+00,-1.00688146314207806e-10,9.21000734119649418e+06,1.01393634564375859e+07,-5.94779962326470511e-10
-6.28906250000000000e-01,-2.23940602072569440e+16,-7.58922933323086579e-01,-3.20898437500000000e+00,1.41903503674009248e+17,1.56359019758840928e+17,-3.16796875000000000e+00,-2.14080393910376461e-10,9.46678276169370674e+06,1.04311509903855491e+07,-2.11344125941954133e-10
-6.21093750000000000e-01,-2.31096336736493680e+16,-1.41960792917670853e+00,-5.25390625000000000e-01,1.45841057764183456e+17,1.60854454277438304e+17,-2.75488281250000000e+00,-3.50502896907433193e-11,9.72946809517025575e+06,1.07310540999292452e+07,-1.83785998545700559e-10
-6.13281250000000000e-01,-2.38463615020769120e+16,-1.02220321515613644e+00,-2.57324218750000000e-01,1.49869590266172960e+17,1.65474343011631744e+17,-3.89892578125000000e+00,-1.71668240399830181e-11,9.99822285497075133e+06,1.10392599010367189e+07,-2.60108330093480870e-10
-6.05468750000000000e-01,-2.46048345269900960e+16,-2.83792753100528095e-01,3.27148437500000000e-02,1.53991687699113536e+17,1.70221568471334496e+17,-7.26196289062500000e+00,2.18249945100353379e-12,1.02732195950782411e+07,1.13559606940701939e+07,-4.84466016194776900e-10
-5.97656250000000000e-01,-2.53856744125304160e+16,-9.69567807008513860e-01,3.59765625000000000e+00,1.58210129527613248e+17,1.75099096959203392e+17,-7.42602539062500000e+00,2.40009790373045301e-10,1.05546437414121497e+07,1.16813543694420345e+07,-4.95411088068466314e-10
-5.89843750000000000e-01,-2.61895376952679160e+16,-1.23266845777589285e+00,5.36132812500000000e-01,1.62527879524169760e+17,1.80109984479866912e+17,-6.97021484375000000e-01,3.57669313015205960e-11,1.08426930155907888e+07,1.20156448018360026e+07,-4.65002681538439494e-11
-5.82031250000000000e-01,-2.70171199221581240e+16,-8.14136507981447766e-01,6.88476562500000000e-01,1.66948070309580928e+17,1.85257382275765056e+17,-2.13891601562500000e+00,4.59302123270892924e-11,1.11375764035785664e+07,1.23590422195187472e+07,-1.42693117091357895e-10
-5.74218750000000000e-01,-2.78691597926009960e+16,-6.96423354025025199e-01,-4.11132812500000000e-01,1.71473980443449632e+17,1.90544541766583232e+17,7.67333984375000000e-01,-2.74278289215667986e-11,1.14395126273289789e+07,1.27117635338633638e+07,5.11910132425679581e-11
-5.66406250000000000e-01,-2.87464431993777280e+16,-9.03438351424157571e-02,-1.12597656250000000e+00,1.76109003557097280e+17,1.95974818651392384e+17,-6.94995117187500000e+00,-7.51170706569275943e-11,1.17487280855542589e+07,1.30740326130147260e+07,-4.63650834863564151e-10
-5.58593750000000000e-01,-2.96498070503507080e+16,-4.61064785798768195e-01,6.73828125000000000e-01,1.80856609176135200e+17,2.01551675919060896e+17,-4.04052734375000000e+00,4.49529737669384583e-11,1.20654542400886677e+07,1.34460804827225432e+07,-2.69554969508272276e-10
-5.50781250000000000e-01,-3.05801427419269200e+16,-1.09441578834235953e+00,-5.80566406250000000e-01,1.85720295068148896e+17,2.07278685504299456e+17,-5.20458984375000000e+00,-3.87312216006447993e-11,1.23899244368681796e+07,1.38281454368207920e+07,-3.47212860421592043e-10
-5.42968750000000000e-01,-3.15383991472039080e+16,-1.05715789488563683e+00,5.93750000000000000e-01,1.90703531169763360e+17,2.13159528324838752e+17,-9.94140625000000000e-01,3.96107363047805558e-11,1.27223701651469395e+07,1.42204730397079401e+07,-6.63219236155700682e-11
-5.35156250000000000e-01,-3.25255849771538960e+16,-3.34680127300538199e-01,-1.26074218750000000e+00,1.95809695392453344e+17,2.19197992440653120e+17,-1.16357421875000000e+00,-8.41076654103152886e-11,1.30630167749218922e+07,1.46233160035435650e+07,-7.76253162946480721e-11
-5.27343750000000000e-01,-3.35427703726993280e+16,-1.00101621971952004e+00,-9.02343750000000000e-01,2.01042001872353504e+17,2.25397969089530784e+17,-8.03515625000000000e+00,-6.01978953052914933e-11,1.34120786902753562e+07,1.50369339237700738e+07,-5.36047924861405252e-10
-5.19531250000000000e-01,-3.45910875894340200e+16,-9.86608412986202055e-01,-1.29589843750000000e+00,2.06403422509918432e+17,2.31763446375228576e+17,-1.10263671875000000e+01,-8.64530379546772929e-11,1.37697541750645656e+07,1.54615928580317087e+07,-7.35600038844205961e-10
-5.11718750000000000e-01,-3.56717306451579520e+16,-7.87656285488413932e-01,-3.94531250000000000e+00,2.11896602934972128e+17,2.38298500415340576e+17,2.05566406250000000e-01,-2.63202918867291813e-10,1.41362197267132122e+07,1.58975647356239073e+07,1.37139144607833993e-11
-5.03906250000000000e-01,-3.67859538133088960e+16,-6.06417400774055593e-01,-8.24218750000000000e-01,2.17523774327626080e+17,2.45007283795982016e+17,-6.35595703125000000e+00,-5.49859563178203695e-11,1.45116241935363207e+07,1.63451265872727185e+07,-4.24023811249447748e-10
-4.96093750000000000e-01,-3.79350688627507520e+16,2.92455608878738282e-01,-3.54882812500000000e+00,2.23286662824257248e+17,2.51894011229730144e+17,-4.44824218750000000e+00,-2.36752328505875884e-10,1.48960827309576441e+07,1.68045595883356147e+07,-2.96754776099137183e-10
-4.88281250000000000e-01,-3.91204409663758480e+16,-6.07593441434909454e-01,-6.64746093750000000e+00,2.29186398541392448e+17,2.58962942371874944e+17,-2.10693359375000000e+00,-4.43470858596449372e-10,1.52896707322365288e+07,1.72761479124251306e+07,-1.40559479568361919e-10
-4.80468750000000000e-01,-4.03434832281664160e+16,-5.10101637442348488e-01,-5.43652343750000000e+00,2.35223426560555392e+17,2.66218361818389184e+17,-3.07617187500000000e-01,-3.62685804290646915e-10,1.56924178900161237e+07,1.77601773970170505e+07,-2.05220097631675545e-11
-4.72656250000000000e-01,-4.16056498118391120e+16,6.84699345774296808e-01,-1.29785156250000000e+00,2.41397422532994016e+17,2.73664556386976768e+17,-5.21289062500000000e+00,-8.65833364293640717e-11,1.61043025660768282e+07,1.82569340278051123e+07,-3.47766628939010853e-10
-4.64843750000000000e-01,-4.29084276956300240e+16,-4.42418202933569926e-01,-2.12988281250000000e+00,2.47707215875843488e+17,2.81305789870462272e+17,-5.09716796875000000e+00,-1.42090486645931543e-10,1.65252466675358098e+07,1.87667022544284463e+07,-3.40046444313819213e-10
-4.57031250000000000e-01,-4.42533271291073840e+16,-5.52154649004337528e-01,-1.02929687500000000e+00,2.54150723818095296e+17,2.89146275549053760e+17,-2.74316406250000000e+00,-6.86672961599320726e-11,1.69551112468676753e+07,1.92897631566871330e+07,-1.83004207697579887e-10
-4.49218750000000000e-01,-4.56418709307439360e+16,-1.28535442030843994e+00,-2.78515625000000000e+00,2.60724899774726464e+17,2.97190146853327040e+17,4.88281250000000000e-02,-1.85805624903345629e-10,1.73936930577971004e+07,1.98263924873871915e+07,3.25746186716945314e-12
-4.41406250000000000e-01,-4.70755828398098640e+16,4.59110692761710570e-02,-5.24511718750000000e+00,2.67425699619607072e+17,3.05441426680102848e+17,-4.62207031250000000e+00,-3.49916553771342702e-10,1.78407223052694052e+07,2.03768586253162399e+07,-3.08351340346260439e-10
-4.33593750000000000e-01,-4.85559752211098880e+16,-5.77754849402869475e-01,-4.47265625000000000e+00,2.74248069316961312e+17,3.13903995973855104e+17,2.32861328125000000e+00,-2.98383507032721917e-10,1.82958618203104548e+07,2.09414204792206660e+07,1.55348356445311228e-10
-4.25781250000000000e-01,-5.00845365111930720e+16,-3.60663207092877525e-01,-9.01367187500000000e-01,2.81185956980070496e+17,3.22581562288920960e+17,-1.31250000000000000e+00,-6.01327460679481039e-11,1.87587078644967414e+07,2.15203253905020468e+07,-8.75605749895148993e-11
-4.17968750000000000e-01,-5.16627188812273680e+16,1.52831455601400268e-01,-3.45703125000000000e+00,2.88232351698148288e+17,3.31477629133559936e+17,-6.34765625000000000e+00,-2.30628300195597309e-10,1.92287927202056758e+07,2.21138070880729035e+07,-4.23470042732028939e-10
-4.10156250000000000e-01,-5.32919266630167200e+16,-1.18773358198571244e+00,-3.55566406250000000e+00,2.95379350399093312e+17,3.40595466954340992e+17,-3.15136718750000000e+00,-2.37208373167279609e-10,1.97055891512182914e+07,2.27220837526433691e+07,-2.10236588907116514e-10
-4.02343750000000000e-01,-5.49735061277980320e+16,-1.87268597904967882e+00,-8.99414062500000000e-01,3.02618252663647424e+17,3.49938086639056064e+17,-4.41894531250000000e+00,-6.00024475932613252e-11,2.01885167280390635e+07,2.33453562490258552e+07,-2.94800298978835502e-10
-3.94531250000000000e-01,-5.67087372119105760e+16,-1.41625861419637755e+00,-2.72167968750000000e+00,3.09939681932385920e+17,3.59508216391377216e+17,2.76367187500000000e-01,-1.81570924476025320e-10,2.06769499139558673e+07,2.39838065833782367e+07,1.84372341681791044e-11
-3.86718750000000000e-01,-5.84988277455348960e+16,-5.16835037108754336e-01,-2.00781250000000000e+00,3.17333730191298752e+17,3.69308282760584000e+17,-1.52080078125000000e+01,-1.33946831978007924e-10,2.11702277174230143e+07,2.46375966376434974e+07,-1.01456907314859800e-09
-3.78906250000000000e-01,-6.03449106682723200e+16,-1.44512998008442772e+00,-1.34179687500000000e+00,3.24790122265073728e+17,3.79340396502721664e+17,3.64257812500000000e-01,-8.95150521098165804e-11,2.16676646525292993e+07,2.53068672263077162e+07,2.43006655290841218e-11
-3.71093750000000000e-01,-6.22480446307525600e+16,-1.56305870409824421e+00,-6.48437500000000000e-01,3.32298395526852864e+17,3.89606343821615872e+17,4.39453125000000000e-01,-4.32590935960103412e-11,2.21685627279424630e+07,2.59917375120634846e+07,2.93171568045250807e-11
-3.63281250000000000e-01,-6.42092183207556960e+16,-4.16147986267625059e-01,4.07421875000000000e+00,3.39848091225315200e+17,4.00107583410903488e+17,3.48144531250000000e+00,2.71802618196619210e-10,2.26722242108782567e+07,2.66923048084754311e+07,2.32257031129182017e-10
-3.55468750000000000e-01,-6.62293588585090400e+16,-1.14121651481984054e+00,6.37500000000000000e+00,3.47428954519605248e+17,4.10845249611196224e+17,-7.43164062500000000e+00,4.25294221377643841e-10,2.31779649719944075e+07,2.74086447906035185e+07,-4.95785696183190829e-10
-3.47656250000000000e-01,-6.83093447148791440e+16,-7.66633333908482317e-01,9.47851562500000000e+00,3.55031141096600384e+17,4.21820161917414016e+17,-1.22011718750000000e+01,6.32338497654934327e-10,2.36851282694109902e+07,2.81408121292640381e+07,-8.13974571368302960e-10
-3.39843750000000000e-01,-7.04500238268670640e+16,-1.26024757381542174e+00,-2.46875000000000000e+00,3.62645427921385280e+17,4.33032841002598720e+17,-4.31640625000000000e+00,-1.64697272004087551e-10,2.41930988084687069e+07,2.88888415600234121e+07,-2.87959629057779670e-10
-3.32031250000000000e-01,-7.26522378756385600e+16,-2.84080694625896024e-01,1.17187500000000000e+00,3.70263422981459904e+17,4.44483531313346752e+17,-1.27246093750000000e+00,7.81790848120668818e-11,2.47013167343562655e+07,2.96527493906031959e+07,-8.48894562584359481e-11
-3.24218750000000000e-01,-7.49168539429380960e+16,-1.42087963566417175e+00,1.53320312500000000e+00,3.77877762646876352e+17,4.56172230046289344e+17,-8.77636718750000000e+00,1.02284302629120832e-10,2.52092907985614724e+07,3.04325354339827523e+07,-5.85496196005037577e-10
-3.16406250000000000e-01,-7.72448047890571200e+16,3.91239494088522488e-02,1.02539062500000000e+01,3.85482274907737152e+17,4.68098721813668032e+17,-1.22480468750000000e+01,6.84066992105585177e-10,2.57166092489049286e+07,3.12281853210375272e+07,-8.17101734760785649e-10
-3.08593750000000000e-01,-7.96371385654286880e+16,2.72498198338433584e-01,5.92968750000000000e+00,3.93072072948546624e+17,4.80262617427263296e+17,-9.01074218750000000e+00,3.95586169149058392e-10,2.62229460721487924e+07,3.20396730879242644e+07,-6.01132012967450923e-10
-3.00781250000000000e-01,-8.20950776587828800e+16,-1.46522231494352795e+00,1.00566406250000000e+01,4.00643528813467456e+17,4.92663393899500736e+17,-1.93857421875000000e+01,6.70906846162220627e-10,2.67280592371318042e+07,3.28669638446675465e+07,-1.29327751050361628e-09
-2.92968750000000000e-01,-8.46200844310591840e+16,-2.30583664055173321e+00,1.09667968750000000e+01,4.08194065994285440e+17,5.05300431015616064e+17,-9.94433593750000000e+00,7.31625935366259210e-10,2.72317768577277139e+07,3.37100162149920389e+07,-6.63414683867730850e-10
-2.85156250000000000e-01,-8.72139289550824000e+16,-7.93043384590327749e-01,1.63808593750000000e+01,4.15721709142174976e+17,5.18173037882839488e+17,-1.21240234375000000e+01,1.09281330719800812e-09,2.77339671528477855e+07,3.45687841074934229e+07,-8.08827781618175303e-10
-2.77343750000000000e-01,-8.98787508658828960e+16,2.05534483101279530e-01,7.46484375000000000e+00,4.23224345859424576e+17,5.31280461139171520e+17,-1.91708984375000000e+01,4.98000770252866067e-10,2.82344891984857433e+07,3.54432172632689402e+07,-1.27894467828807082e-09
-2.69531250000000000e-01,-9.26171049637352800e+16,-3.33304879471139348e-01,8.60156250000000000e+00,4.30698695070955136e+17,5.44621865634425664e+17,-2.41679687500000000e+01,5.73834482520570880e-10,2.87331241048735864e+07,3.63332599670953453e+07,-1.61231332577419268e-09
-2.61718750000000000e-01,-9.54319793872994400e+16,6.44636869454683070e-02,1.99179687500000000e+01,4.38139039368028928e+17,5.58196279113564928e+17,-7.28710937500000000e+00,1.32878384485576338e-09,2.92294904475568160e+07,3.72388473570982814e+07,-4.86143609056369202e-10
-2.53906250000000000e-01,-9.83267773507789120e+16,5.37802209221305949e-01,1.62773437500000000e+01,4.45535857248871360e+17,5.72002495371294976e+17,-1.24453125000000000e+01,1.08590748803960905e-09,2.97229530203105584e+07,3.81598989639222324e+07,-8.30261880704150302e-10
-2.46093750000000000e-01,-1.01305259698722416e+17,-1.75439770144633234e+00,1.87558593750000000e+01,4.52874566776121984e+17,5.86038935744729984e+17,-1.58125000000000000e+01,1.25125625241713044e-09,3.02125390209864415e+07,3.90963094705157652e+07,-1.05489645106415571e-09
-2.38281250000000000e-01,-1.04371456162873648e+17,2.48436168967635179e-01,5.12890625000000000e+00,4.60134635121504128e+17,6.00303476156001408e+17,-8.61523437500000000e+00,3.42163794527479367e-10,3.06968786467272714e+07,4.00479371736564040e+07,-5.74746571843378331e-10
-2.30468750000000000e-01,-1.07529567043612480e+17,6.09069482278744467e-01,8.08203125000000000e+00,4.67289281653360192e+17,6.14793254648380672e+17,-1.43535156250000000e+01,5.39175088253887942e-10,3.11741852860995010e+07,4.10145911441428363e+07,-9.57563490473132407e-10
-2.22656250000000000e-01,-1.10783890933299584e+17,-1.70664868869407282e+00,1.45898437500000000e+01,4.74305870050935488e+17,6.29504479756544000e+17,-9.24414062500000000e+00,9.73329605910232634e-10,3.16422816781425141e+07,4.19960184426349998e+07,-6.16702680692520879e-10
-2.14843750000000000e-01,-1.14138822758418928e+17,-4.01811293381146850e-01,1.50273437500000000e+01,4.81146827641905664e+17,6.44432259482344064e+17,-1.39570312500000000e+01,1.00251646424007086e-09,3.20986612439666912e+07,4.29918927101457641e+07,-9.31112900111716529e-10
-2.07031250000000000e-01,-1.17598962948819648e+17,-1.11524607552446731e+00,3.50000000000000000e+01,4.87770561757750336e+17,6.59570460325933824e+17,-1.84765625000000000e+00,2.33494866638706426e-09,3.25405492194036655e+07,4.40018047636097446e+07,-1.23262357053692119e-10
-1.99218750000000000e-01,-1.21169355946789152e+17,3.90122903781289221e-02,2.82578125000000000e+01,4.94131428482224896e+17,6.74911583125605248e+17,-9.22851562500000000e+00,1.88515833176830612e-09,3.29649005701287426e+07,4.50252543128089756e+07,-6.15660292895026649e-10
-1.91406250000000000e-01,-1.24855829976018624e+17,-1.18609317040016271e+00,1.30078125000000000e+01,5.00177474927030912e+17,6.90446607695172736e+17,-9.35156250000000000e+00,8.67787841413942372e-10,3.33682493725062869e+07,4.60616395956947431e+07,-6.23869096800293709e-10
-1.83593750000000000e-01,-1.28665341191909968e+17,1.87024944346633770e+00,2.53398437500000000e+01,5.05844603590209280e+17,7.06164716514891392e+17,-1.08652343750000000e+01,1.69049241058625951e-09,3.37463195014872104e+07,4.71102389450298548e+07,-7.24850414682546715e-10
-1.75781250000000000e-01,-1.32606144422631056e+17,-1.78838406673919703e+00,1.99062500000000000e+01,5.11046203334781824e+17,7.22052770261465472e+17,-9.65820312500000000e+00,1.32800205400764271e-09,3.40933328839634657e+07,4.81701757995169684e+07,-6.44325957326117868e-10
-1.67968750000000000e-01,-1.36687541644373328e+17,6.48562228527106210e-01,3.15898437500000000e+01,5.15658329536592192e+17,7.38094392097065472e+17,-1.75292968750000000e+01,2.10744752958394941e-09,3.44010208246527761e+07,4.92403576141375378e+07,-1.16942881031383381e-09
-1.60156250000000000e-01,-1.40918931364437312e+17,1.91418960939657434e-01,3.15078125000000000e+01,5.19502250604404672e+17,7.54268544568160640e+17,-1.98339843750000000e+01,2.10197499364710470e-09,3.46574596352523714e+07,5.03193809210610986e+07,-1.32318101044423190e-09
-1.52343750000000000e-01,-1.45307937197491296e+17,-1.14043876577884751e+00,3.96562500000000000e+01,5.22328446627265856e+17,7.70547572564169856e+17,-1.03730468750000000e+01,2.64558023004034312e-09,3.48460031390960366e+07,5.14054007698999420e+07,-6.92015199061478680e-10
-1.44531250000000000e-01,-1.49857568834377248e+17,-1.81454615693984733e+00,3.91757812500000000e+01,5.23808483611227328e+17,7.86894848505259904e+17,-2.33261718750000000e+01,2.61352680526739596e-09,3.49447405785790160e+07,5.24959736315487847e+07,-1.55615468318419125e-09
-1.36718750000000000e-01,-1.54562681358974688e+17,-1.45154690042575507e+00,2.73671875000000000e+01,5.23542795453420480e+17,8.03262382750540928e+17,-1.75878906250000000e+01,1.82574222731113522e-09,3.49270157725862786e+07,5.35878979817791730e+07,-1.17333776455443717e-09
-1.28906250000000000e-01,-1.59406429972063328e+17,1.35266742598146528e-01,5.21796875000000000e+01,5.21092221266599104e+17,8.19589015002536832e+17,-1.48613281250000000e+01,3.48105404973196467e-09,3.47635310603176728e+07,5.46770936447331682e+07,-9.91441093891694879e-10
-1.21093750000000000e-01,-1.64357891790141312e+17,-1.83373726275821741e-01,5.80273437500000000e+01,5.16038043645175168e+17,8.35800008408422528e+17,-1.16367187500000000e+01,3.87116768294417856e-09,3.44263526232654676e+07,5.57585747142726630e+07,-7.76318312183824111e-10
-1.13281250000000000e-01,-1.69372404529579776e+17,-2.05391284044177697e-01,6.33476562500000000e+01,5.08068430002635264e+17,8.51808922779908352e+17,-1.78007812500000000e+01,4.22610072799096220e-09,3.38946772305149361e+07,5.68265745217585340e+07,-1.18754029829529585e-09
-1.05468750000000000e-01,-1.74396255330896864e+17,-2.79239114166365987e-01,6.38046875000000000e+01,4.97078556679133888e+17,8.67522427403615104e+17,-2.22734375000000000e+01,4.25659057106766801e-09,3.31615118002157249e+07,5.78748667121982798e+07,-1.48592380532801792e-09
-9.76562500000000000e-02,-1.79376917020750400e+17,2.67412555172780975e+00,6.08203125000000000e+01,4.83258563488012672e+17,8.82848125029985920e+17,-2.35117187500000000e+01,4.05749450174627092e-09,3.22395410953275301e+07,5.88972872046024501e+07,-1.56853303827943523e-09
-8.98437500000000000e-02,-1.84278884041426528e+17,-8.69385702636715996e-01,6.21132812500000000e+01,4.67130814553613248e+17,8.97704458847902592e+17,-2.32851562500000000e+01,4.14375209198891803e-09,3.11636134991503507e+07,5.98883951141894683e+07,-1.55341841521576889e-09
-8.20312500000000000e-02,-1.89103239915704768e+17,4.34027063275606584e-01,6.70820312500000000e+01,4.49490448044195200e+17,9.12030444643003904e+17,-2.54335937500000000e+01,4.47523141159208149e-09,2.99867749204147868e+07,6.08441220121023729e+07,-1.69674673737122489e-09
-7.42187500000000000e-02,-1.93906551684917216e+17,8.66152840638656274e-01,7.42148437500000000e+01,4.31206817487921280e+17,9.25791559081537920e+17,-3.25000000000000000e+01,4.95108144114819579e-09,2.87670223837266266e+07,6.17621647494239360e+07,-2.16816661878798830e-09
-6.64062500000000000e-02,-1.98812007159671392e+17,2.53226463912273303e+00,5.63046875000000000e+01,4.12864020710758528e+17,9.38977057910511872e+17,-3.41328125000000000e+01,3.75624442827044013e-09,2.75433227016510516e+07,6.26418065467485338e+07,-2.27709614362613450e-09
-5.85937500000000000e-02,-2.04003710174987808e+17,5.05895266521489750e-01,6.71835937500000000e+01,3.94259988328778944e+17,9.51583886484701696e+17,-3.73671875000000000e+01,4.48200693227579399e-09,2.63021952559446245e+07,6.34828436200821027e+07,-2.49287041770743926e-09
-5.07812500000000000e-02,-2.09694836339161792e+17,3.47199264050538359e-01,1.01316406250000000e+02,3.73844492609987584e+17,9.63583821560566784e+17,-4.36210937500000000e+01,6.75910307590192931e-09,2.49402199844525494e+07,6.42833931172856092e+07,-2.91008613365450272e-09
-4.29687500000000000e-02,-2.16063123343064448e+17,2.75141538171781708e+00,9.35234375000000000e+01,3.48248479129919296e+17,9.74874051597517952e+17,-4.15507812500000000e+01,6.23921216190168421e-09,2.32326377690208107e+07,6.50365961906565279e+07,-2.77196975048651808e-09
-3.51562500000000000e-02,-2.23153856513769376e+17,3.56821310249867141e+00,1.20078125000000000e+02,3.12122786077908608e+17,9.85217169826959872e+17,-4.39023437500000000e+01,8.01075022374311885e-09,2.08225909457607903e+07,6.57266147654027864e+07,-2.92884911400939886e-09
-2.73437500000000000e-02,-2.30761297608747232e+17,4.59138837678389233e+00,9.07031250000000000e+01,2.58537401128698144e+17,9.94183947522712704e+17,-5.09257812500000000e+01,6.05106116445397654e-09,1.72477588564751782e+07,6.63248137831881419e+07,-3.39740242898305314e-09
-1.95312500000000000e-02,-2.38313314055754720e+17,6.45723394934955497e+00,1.30921875000000000e+02,1.80161682433128480e+17,1.00111979803026291e+18,-5.37773437500000000e+01,8.73416735520411110e-09,1.20190937180366609e+07,6.67875239229842722e+07,-3.58763820202574927e-09
-1.17187500000000000e-02,-2.44798048043766464e+17,7.75633404377429692e+00,1.44843750000000000e+02,7.13227591723279520e+16,1.00516110254841766e+18,-6.25234375000000000e+01,9.66293488277146665e-09,4.75814232607065421e+06,6.70571307399879694e+07,-4.17111477167314198e-09
-3.90625000000000000e-03,-2.48781316961020960e+17,1.01534183659990571e+01,1.89054687500000000e+02,-6.91911668186653840e+16,1.00532739858860595e+18,-5.83046875000000000e+01,1.26123711557813761e-08,-4.61593779111450352e+06,6.70682248176240548e+07,-3.88967006634970073e-09
3.90625000000000000e-03,4.63110879185044672e+17,1.13724172457033781e+01,-1.37875000000000000e+02,-2.61374076161672704e+17,9.99471185283126784e+17,-6.66406250000000000e+01,-2.75940897752671253e-08,-5.23110043338727355e+07,2.00032620957354456e+08,-1.33373518689386106e-08
1.17187500000000000e-02,4.45591245821439808e+17,1.30687545194616703e+01,-1.95781250000000000e+02,-4.15710122968142336e+17,9.88661161856126336e+17,-6.04765625000000000e+01,-3.91833573078079205e-08,-8.31995826195485443e+07,1.97869119547255486e+08,-1.21036859106041936e-08
1.95312500000000000e-02,4.29012203916225664e+17,1.45685304967127980e+01,-1.71093750000000000e+02,-5.03152526235074880e+17,9.74253754431749504e+17,-5.53422851562500000e+01,-3.42424391476852906e-08,-1.00700170296160325e+08,1.94985643254257470e+08,-1.10761195646055896e-08
2.73437500000000000e-02,4.13888061637931200e+17,1.58656449859340007e+01,-1.30687500000000000e+02,-5.56561934499231168e+17,9.57701281000325632e+17,-4.72578125000000000e+01,-2.61555946147250946e-08,-1.11389446861781508e+08,1.91672856760190845e+08,-9.45810568056385130e-09
3.51562500000000000e-02,3.99948192935818048e+17,1.71645284260177178e+01,-1.18406250000000000e+02,-5.92205388685918848e+17,9.39766662889113856e+17,-4.95546875000000000e+01,-2.36976441882337137e-08,-1.18523072789093077e+08,1.88083449962396413e+08,-9.91779869925880504e-09
4.29687500000000000e-02,3.86842895909325824e+17,1.69735625723302093e+01,-1.34000000000000000e+02,-6.17381297075625856e+17,9.20878806342994944e+17,-4.35390625000000000e+01,-2.68185532539314215e-08,-1.23561740250775576e+08,1.84303263494973212e+08,-8.71384079315297445e-09
5.07812500000000000e-02,3.74333167081685504e+17,1.82797496835970890e+01,-1.34593750000000000e+02,-6.35251028341589376e+17,9.01315061204764928e+17,-3.99531250000000000e+01,-2.69373854628457637e-08,-1.27138160695474729e+08,1.80387805727540672e+08,-7.99615679457820129e-09
5.85937500000000000e-02,3.62292565198742336e+17,1.87317051368248393e+01,-1.63125000000000000e+02,-6.47334134463085696e+17,8.81282155337517824e+17,-3.86523437500000000e+01,-3.26475858175191288e-08,-1.29556454911834851e+08,1.76378450855661809e+08,-7.73582044215401860e-09
6.64062500000000000e-02,3.50665013810742848e+17,1.87155506190738876e+01,-1.20750000000000000e+02,-6.54589614164359936e+17,8.60947597952126336e+17,-2.39609375000000000e+01,-2.41667186971061139e-08,-1.31008555424905300e+08,1.72308723914354026e+08,-4.79550506237218239e-09
7.42187500000000000e-02,3.39427999007771456e+17,2.06439882735045614e+01,-1.76625000000000000e+02,-6.57797099535563008e+17,8.40450782515217792e+17,-3.27421875000000000e+01,-3.53494549886241595e-08,-1.31650496598329291e+08,1.68206522896960467e+08,-6.55297088894744576e-09
8.20312500000000000e-02,3.28570772730820160e+17,1.99076761842725105e+01,-1.13281250000000000e+02,-6.57651775986990592e+17,8.19907400411652352e+17,-2.79687500000000000e+01,-2.26719345954993948e-08,-1.31621411767534971e+08,1.64095002098749071e+08,-5.59762247254398900e-09
8.98437500000000000e-02,3.18084348368633600e+17,2.03490913298429597e+01,-1.39218750000000000e+02,-6.54769810184725376e+17,7.99412346691588864e+17,-2.63906250000000000e+01,-2.78630258270206366e-08,-1.31044619578400195e+08,1.59993153668646723e+08,-5.28177896990323817e-09
9.76562500000000000e-02,3.07958204144314432e+17,2.00849149879658171e+01,-9.21875000000000000e+01,-6.49680310259480960e+17,7.79042544399496064e+17,-1.17656250000000000e+01,-1.84502640156477835e-08,-1.30026014915855065e+08,1.55916372866090447e+08,-2.35475403453945463e-09
1.05468750000000000e-01,2.98179998041550720e+17,2.12145024316139157e+01,-7.32812500000000000e+01,-6.42824672148617216e+17,7.58859785026576384e+17,-1.44609375000000000e+01,-1.46663963107437471e-08,-1.28653938081781328e+08,1.51877026544792473e+08,-2.89418971974271571e-09
1.13281250000000000e-01,2.88736263383817344e+17,2.11654726586676318e+01,-8.97812500000000000e+01,-6.34564061859494144e+17,7.38913387643810944e+17,-2.36875000000000000e+01,-1.79686808532054526e-08,-1.27000672283655807e+08,1.47884985347525507e+08,-4.74077970300373532e-09
1.21093750000000000e-01,2.79613190597186240e+17,2.16693612950592964e+01,-1.11406250000000000e+02,-6.25191061776033408e+17,7.19242523359147648e+17,-2.05000000000000000e+01,-2.22966749884014753e-08,-1.25124774508376732e+08,1.43948088919397891e+08,-4.10283837093726992e-09
1.28906250000000000e-01,2.70797204924033888e+17,2.21259155021197671e+01,-7.99375000000000000e+01,-6.14942047734913024e+17,6.99878151872167040e+17,-1.25000000000000000e+01,-1.59985679159413680e-08,-1.23073552651197046e+08,1.40072533486916542e+08,-2.50173071398614022e-09
1.36718750000000000e-01,2.62275310312455520e+17,2.24834047381732240e+01,-5.75312500000000000e+01,-6.04008407677571712e+17,6.80844587854371328e+17,-8.96875000000000000e+00,-1.15142156111212107e-08,-1.20885310799427450e+08,1.36263185350921243e+08,-1.79499178728505564e-09
1.44531250000000000e-01,2.54035253318963712e+17,2.24938434644626923e+01,-9.05312500000000000e+01,-5.92545909070093312e+17,6.62160748190825728e+17,-1.89375000000000000e+01,-1.81187846960446217e-08,-1.18591224013399288e+08,1.32523830507602498e+08,-3.79012203168900260e-09
1.52343750000000000e-01,2.46065570233969248e+17,2.25641950023924949e+01,-1.09843750000000000e+02,-5.80682182862147072e+17,6.43841139168269696e+17,-6.70312500000000000e+00,-2.19839586491532063e-08,-1.16216836154459968e+08,1.28857372222806811e+08,-1.34155309537506770e-09
1.60156250000000000e-01,2.38355566765030912e+17,2.32603148689470558e+01,-8.53125000000000000e+01,-5.68522568063844800e+17,6.25896638189431808e+17,7.81250000000000000e-02,-1.70743121229554066e-08,-1.13783229609567717e+08,1.25265987483133763e+08,1.56358169624133776e-11
1.67968750000000000e-01,2.30895263209238560e+17,2.29109329593200250e+01,-3.29687500000000000e+01,-5.56154629111281664e+17,6.08335115652021888e+17,-1.71875000000000000e+00,-6.59831475813844476e-09,-1.11307929389861092e+08,1.21751251457837924e+08,-3.43987973173094269e-10
1.75781250000000000e-01,2.23675325321952064e+17,2.31855748935529107e+01,-9.75937500000000000e+01,-5.43651636335657920e+17,5.91161933305758208e+17,5.93750000000000000e-01,-1.95322625494467908e-08,-1.08805599706379116e+08,1.18314237239235312e+08,1.18832208914341668e-10
1.83593750000000000e-01,2.16686992590812928e+17,2.24268549581823606e+01,-5.54062500000000000e+01,-5.31075250206710592e+17,5.74380347264496256e+17,-6.60937500000000000e+00,-1.10889213897435666e-08,-1.06288581190400168e+08,1.14955596500929236e+08,-1.32279011502017156e-09
1.91406250000000000e-01,2.09922010313131552e+17,2.30090917193224733e+01,-4.42812500000000000e+01,-5.18477599238597248e+17,5.57991837263764928e+17,5.32812500000000000e+00,-8.86238105429590138e-09,-1.03767306762319669e+08,1.11675625394905344e+08,1.06636271683659224e-09
1.99218750000000000e-01,2.03372568643850016e+17,2.24157379311459941e+01,-3.35937500000000000e+01,-5.05902898209104896e+17,5.41996378598111808e+17,-4.37500000000000000e-01,-6.72340129383775152e-09,-1.01250625499545723e+08,1.08474318976652533e+08,-8.75605749895148993e-11
2.07031250000000000e-01,1.97031249836406560e+17,2.23021048580856416e+01,-3.28750000000000000e+01,-4.93388718863290432e+17,5.26392669199035136e+17,4.87500000000000000e+00,-6.57955177778354862e-09,-9.87460569531653225e+07,1.05351416652189776e+08,9.75674978454594651e-10
2.14843750000000000e-01,1.90890983746075200e+17,2.16702960027353519e+01,-8.21875000000000000e+00,-4.80966998378737664e+17,5.11178321277155584e+17,5.01562500000000000e+00,-1.64488794444588716e-09,-9.62599929806248099e+07,1.02306440533034801e+08,1.00381944898693865e-09
2.22656250000000000e-01,1.84945011011076416e+17,2.16573085339882390e+01,-1.93437500000000000e+01,-4.68664850021372736e+17,4.96350024646297984e+17,8.62500000000000000e+00,-3.87142827989355171e-09,-9.37978599891340882e+07,9.93387281236336976e+07,1.72619419265043667e-09
2.30468750000000000e-01,1.79186852993345568e+17,2.10608089861617280e+01,-2.80937500000000000e+01,-4.56505224309615168e+17,4.81903687108933056e+17,6.37500000000000000e+00,-5.62263977968384969e-09,-9.13642512600397319e+07,9.64474604178867638e+07,1.27588266413293142e-09
2.38281250000000000e-01,1.73610287434860832e+17,2.08936071017306659e+01,-1.31250000000000000e+00,-4.44507456621350144e+17,4.67834555982665920e+17,1.08125000000000000e+01,-2.62681724968544698e-10,-8.89630365460394770e+07,9.36316862212722898e+07,2.16399706759801138e-09
2.46093750000000000e-01,1.68209328790196896e+17,2.08220147890990717e+01,-1.06562500000000000e+01,-4.32687727745853824e+17,4.54137323883545472e+17,1.42343750000000000e+01,-2.13272543367318448e-09,-8.65974542453340292e+07,9.08903433221549690e+07,2.84884585055171712e-09
2.53906250000000000e-01,1.62978212277992352e+17,2.05155010693840403e+01,-6.15625000000000000e+00,-4.21059456783913408e+17,4.40806221172939136e+17,1.07187500000000000e+01,-1.23210237663817397e-09,-8.42701900360508710e+07,8.82222769939607531e+07,2.14523408724311524e-09
2.61718750000000000e-01,1.57911380815978176e+17,2.02216150369889363e+01,-7.15625000000000000e+00,-4.09633640531278464e+17,4.27835096956019328e+17,1.30781250000000000e+01,-1.43224083375706529e-09,-8.19834447999245822e+07,8.56262562060889453e+07,2.61743575950799932e-09
2.69531250000000000e-01,1.53003474140781408e+17,2.01262447706677108e+01,-1.96562500000000000e+01,-3.98419149629975616e+17,4.15217490141853568e+17,1.60781250000000000e+01,-3.93397154774320550e-09,-7.97389938935639858e+07,8.31009878457689881e+07,3.21785113086467286e-09
2.77343750000000000e-01,1.48249319548608992e+17,1.96658571444830486e+01,-1.31875000000000000e+01,-3.87422989000958592e+17,4.02946691799075072e+17,2.70000000000000000e+01,-2.63932590325537774e-09,-7.75382392710410208e+07,8.06451291978282630e+07,5.40373834221006307e-09
2.85156250000000000e-01,1.43643923816467792e+17,1.94895146400624064e+01,-1.83281250000000000e+01,-3.76650528108023552e+17,3.91015799838032512e+17,2.47343750000000000e+01,-3.66816265938217812e-09,-7.53822555685553998e+07,7.82572988886930346e+07,4.95029965030007471e-09
2.92968750000000000e-01,1.39182465970871648e+17,1.93797815718054842e+01,-7.48437500000000000e+00,-3.66105705231681664e+17,3.79417766898797632e+17,2.44062500000000000e+01,-1.49791126499920136e-09,-7.32718309874923527e+07,7.59360864706204832e+07,4.88462921905793905e-09
3.00781250000000000e-01,1.34860290660334944e+17,1.90883289706036621e+01,-9.96875000000000000e+00,-3.55791208985939584e+17,3.68145442208619072e+17,2.57812500000000000e+01,-1.99513024440394696e-09,-7.12075036229109317e+07,7.36800607989849597e+07,5.15981959759641409e-09
3.08593750000000000e-01,1.30672901959668160e+17,1.87674034095806022e+01,-2.74531250000000000e+01,-3.45708639664429888e+17,3.57191608081278208e+17,1.99843750000000000e+01,-5.49442608059206024e-09,-6.91895937551097125e+07,7.14877773372026980e+07,3.99964197898534199e-09
3.16406250000000000e-01,1.26615957489745024e+17,1.85985848659995234e+01,-9.90625000000000000e+00,-3.35858652560808512e+17,3.46549011656617152e+17,1.66250000000000000e+01,-1.98262159083401620e-09,-6.72182325335499644e+07,6.93577845090319961e+07,3.32730184960156659e-09
3.24218750000000000e-01,1.22685262778127264e+17,1.84580610020261311e+01,-2.47031250000000000e+01,-3.26241085103903232e+17,3.36210392415838912e+17,2.45156250000000000e+01,-4.94404532351510933e-09,-6.52933874214880764e+07,6.72886292054429650e+07,4.90651936280531705e-09
3.32031250000000000e-01,1.18876765816056800e+17,1.82181884611683564e+01,-1.75156250000000000e+01,-3.16855069432160768e+17,3.26168505953752000e+17,1.67968750000000000e+01,-3.50555016297307908e-09,-6.34148847264518067e+07,6.52788615423578024e+07,3.36170064691887576e-09
3.39843750000000000e-01,1.15186551788148832e+17,1.76993478726577145e+01,-2.18437500000000000e+01,-3.07699131871411008e+17,3.16416144440572928e+17,2.04843750000000000e+01,-4.37177442269077959e-09,-6.15824295095664486e+07,6.33270389558444917e+07,4.09971120754478723e-09
3.47656250000000000e-01,1.11610837964718640e+17,1.77404745751542805e+01,-1.09218750000000000e+01,-2.98771280652533184e+17,3.06946154161864832e+17,1.97812500000000000e+01,-2.18588721134538979e-09,-5.97956231412332207e+07,6.14317297125329599e+07,3.95898885488306702e-09
3.55468750000000000e-01,1.08145968754863776e+17,1.72386550851190137e+01,-1.24375000000000000e+01,-2.90069083097228800e+17,2.97751450484985472e+17,2.22812500000000000e+01,-2.48922206041620946e-09,-5.80539787489708215e+07,5.95915159049769267e+07,4.45933499768029490e-09
3.63281250000000000e-01,1.04788410922703392e+17,1.69211937840455597e+01,-1.56562500000000000e+01,-2.81589733402122752e+17,2.88825030563367424e+17,2.71093750000000000e+01,-3.13341771926764065e-09,-5.63569347836207524e+07,5.78049959942689538e+07,5.42562848595744189e-09
3.71093750000000000e-01,1.01534748970766160e+17,1.65891715224030278e+01,-1.71406250000000000e+01,-2.73330112059259648e+17,2.80159984056022976e+17,2.74375000000000000e+01,-3.43049824155349452e-09,-5.47038669116738662e+07,5.60707869554255977e+07,5.49129891719957755e-09
3.78906250000000000e-01,9.83816806943594880e+16,1.61242400807574882e+01,-2.04062500000000000e+01,-2.65286837862300640e+17,2.71749502108530688e+17,3.05468750000000000e+01,-4.08407539058237378e-09,-5.30940984237103015e+07,5.43875260748282075e+07,6.11360443230363033e-09
3.86718750000000000e-01,9.53260129095574240e+16,1.59809516413808179e+01,-1.43125000000000000e+01,-2.57456313361898624e+17,2.63586884813409248e+17,2.32500000000000000e+01,-2.86448166751413057e-09,-5.15269093317681700e+07,5.27538724433306232e+07,4.65321912801422084e-09
3.94531250000000000e-01,9.23646573557330080e+16,1.57819263966036107e+01,-7.68750000000000000e+00,-2.49834764550756480e+17,2.55665547342108384e+17,2.90468750000000000e+01,-1.53856438910147612e-09,-5.00015443118498549e+07,5.11685081835064068e+07,5.81339674662529294e-09
4.02343750000000000e-01,8.94946267716909280e+16,1.53448453291872919e+01,-3.68750000000000000e+00,-2.42418275479429888e+17,2.47979024917673952e+17,2.50468750000000000e+01,-7.38010560625911368e-10,-4.85172196318754330e+07,4.96301394448703453e+07,5.01284291814972850e-09
4.10156250000000000e-01,8.67130311426606240e+16,1.51060838624271128e+01,-5.31250000000000000e+00,-2.35202818428698752e+17,2.40520976776461920e+17,2.89843750000000000e+01,-1.06323555344410955e-09,-4.70731291903344840e+07,4.81374971967697516e+07,5.80088809305536218e-09
4.17968750000000000e-01,8.40170741138341120e+16,1.48030531714995686e+01,-4.93750000000000000e+00,-2.28184280193840704e+17,2.33285189248833056e+17,2.72500000000000000e+01,-9.88183632024525410e-10,-4.56684497767800465e+07,4.66893378449499980e+07,5.45377295648978528e-09
4.25781250000000000e-01,8.14040495648481120e+16,1.44932661756523391e+01,2.79687500000000000e+00,-2.21358484970939680e+17,2.26265578072445152e+17,2.23593750000000000e+01,5.59762247254398880e-10,-4.43023456522591412e+07,4.52844436945331916e+07,4.47497081464270835e-09
4.33593750000000000e-01,7.88713383386392960e+16,1.41803953166082284e+01,1.09375000000000000e-01,-2.14721214275703936e+17,2.19456190037428928e+17,1.77500000000000000e+01,2.18901437473787248e-11,-4.29739725358342230e+07,4.39216232792812064e+07,3.55245761386031901e-09
4.41406250000000000e-01,7.64164051174348480e+16,1.40742310675144111e+01,-7.59375000000000000e+00,-2.08268224271288576e+17,2.12851204050130592e+17,2.53593750000000000e+01,-1.51980140874658019e-09,-4.16824810725469068e+07,4.25997115744914263e+07,5.07538618599938147e-09
4.49218750000000000e-01,7.40367954382571200e+16,1.36621022713567744e+01,1.28125000000000000e+00,-2.01995260833204032e+17,2.06444931691133280e+17,2.71875000000000000e+01,2.56427398183579370e-10,-4.04270198484854549e+07,4.13175701086783037e+07,5.44126430291985452e-09
4.57031250000000000e-01,7.17301328401713440e+16,1.34827664724979641e+01,-4.12500000000000000e+00,-1.95898072636443392e+17,2.00231817333714592e+17,2.36406250000000000e+01,-8.25571135615426267e-10,-3.92067380100222602e+07,4.00740869872813001e+07,4.73139821282628725e-09
4.64843750000000000e-01,6.94941161355536640e+16,1.31989905520992483e+01,1.57187500000000000e+01,-1.89972422512070432e+17,1.94206437880596032e+17,2.23281250000000000e+01,3.14592637283757141e-09,-3.80207875367038921e+07,3.88681768399782851e+07,4.46871648785774297e-09
4.72656250000000000e-01,6.73265167978573600e+16,1.29378887750776084e+01,5.54687500000000000e+00,-1.84214097287415136e+17,1.88363502169643936e+17,2.30000000000000000e+01,1.11014300433134969e-09,-3.68683252106525898e+07,3.76987807017434537e+07,4.60318451373449780e-09
4.80468750000000000e-01,6.52251764586663920e+16,1.27073796358328330e+01,6.31250000000000000e+00,-1.78618916295221216e+17,1.82697850092972352e+17,2.52656250000000000e+01,1.26337401056300087e-09,-3.57485143195739463e+07,3.65648658365459591e+07,5.05662320564448616e-09
4.88281250000000000e-01,6.31880045072142960e+16,1.24661148376293305e+01,3.21875000000000000e+00,-1.73182738712226464e+17,1.77204451468484448e+17,2.36718750000000000e+01,6.44195658851431089e-10,-3.46605261254890785e+07,3.54654255115019083e+07,4.73765253961125263e-09
4.96093750000000000e-01,6.12129757859817520e+16,1.21438897284746847e+01,9.12500000000000000e+00,-1.67901469866218912e+17,1.71878404698238304e+17,2.76250000000000000e+01,1.82626342120988233e-09,-3.36035411270190626e+07,3.43994787283617929e+07,5.52882487790936983e-09
5.03906250000000000e-01,5.92981283764403920e+16,1.18403965505650905e+01,6.48437500000000000e+00,-1.62771066632282336e+17,1.66714935243962080e+17,2.70312500000000000e+01,1.29777280788031025e-09,-3.25767501393812224e+07,3.33660699184024297e+07,5.40999266899502845e-09
5.11718750000000000e-01,5.74415614694717520e+16,1.16449850343203405e+01,1.34062500000000000e+01,-1.57787542023201696e+17,1.61709393946523616e+17,2.60078125000000000e+01,2.68310619075013539e-09,-3.15793552131058015e+07,3.23642686060882024e+07,5.20516346678741309e-09
5.19531250000000000e-01,5.56414333154340000e+16,1.14501053124840944e+01,3.64843750000000000e+00,-1.52946969065627488e+17,1.56857255213098336e+17,1.99921875000000000e+01,7.30192652144704644e-10,-3.06105704098054655e+07,3.13931690462536551e+07,4.00120556068158333e-09
5.27343750000000000e-01,5.38959592492739760e+16,1.12299952633278100e+01,4.35937500000000000e+00,-1.48245484042112192e+17,1.52154115093095072e+17,2.01171875000000000e+01,8.72478586502666407e-10,-2.96696224510315433e+07,3.04518898390222490e+07,4.02622286782144402e-09
5.35156250000000000e-01,5.22034097864739680e+16,1.09560822630054595e+01,1.27187500000000000e+01,-1.43679289169392208e+17,1.47595689261549664e+17,1.90078125000000000e+01,2.54551100148089746e-09,-2.87557512543011755e+07,2.95395735262058489e+07,3.80419426695517471e-09
5.42968750000000000e-01,5.05621087859846240e+16,1.07406809340096707e+01,7.21875000000000000e+00,-1.39244654774915088e+17,1.43177810926635616e+17,2.13359375000000000e+01,1.44474948732699605e-09,-2.78682103687041551e+07,2.86553861725171730e+07,4.27014161243509300e-09
5.50781250000000000e-01,4.89704316766160480e+16,1.04906787462022724e+01,7.32812500000000000e+00,-1.34937921026457824e+17,1.38896428676108064e+17,2.14531250000000000e+01,1.46663963107437467e-09,-2.70062673210660554e+07,2.77985169345603883e+07,4.29359533787871317e-09
5.58593750000000000e-01,4.74268037436502160e+16,1.02507265898384059e+01,1.14062500000000000e+01,-1.30755499263529568e+17,1.34747604275888960e+17,1.81875000000000000e+01,2.28282927651235276e-09,-2.61692038824131228e+07,2.69681776202433258e+07,3.64001818884983391e-09
5.66406250000000000e-01,4.59296984726876880e+16,1.00377408873451071e+01,1.15625000000000000e+00,-1.26693872973939952e+17,1.30727510432552368e+17,1.95156250000000000e+01,2.31410091043717956e-10,-2.53563162634211294e+07,2.61636022409647852e+07,3.90582707721086130e-09
5.74218750000000000e-01,4.44776359479631680e+16,9.81205131897766947e+00,7.92187500000000000e+00,-1.22749598454318240e+17,1.26832428530200272e+17,1.70000000000000000e+01,1.58547183998871626e-09,-2.45669152466106899e+07,2.53840465586763211e+07,3.40235377102115073e-09
5.82031250000000000e-01,4.30691813025523200e+16,9.60069699872142834e+00,5.76562500000000000e+00,-1.18919305189363392e+17,1.23058746351050912e+17,1.41250000000000000e+01,1.15392329182610714e-09,-2.38003262622497417e+07,2.46287876296843141e+07,2.82695570680433830e-09
5.89843750000000000e-01,4.17029432180536480e+16,9.33721088986688130e+00,3.92187500000000000e+00,-1.15199695981113488e+17,1.19402955788047616e+17,1.61406250000000000e+01,7.84918011513151507e-10,-2.30558894142253883e+07,2.38971233468550295e+07,3.23035978443460362e-09
5.97656250000000000e-01,4.03775724714640960e+16,9.16256587088934538e+00,4.16406250000000000e+00,-1.11587546856449696e+17,1.15861650556851344e+17,1.29765625000000000e+01,8.33389044096632992e-10,-2.23329594615318254e+07,2.31883719816963524e+07,2.59710919745686184e-09
6.05468750000000000e-01,3.90917605270815840e+16,8.94376205716144490e+00,5.99218750000000000e+00,-1.08079706778354240e+17,1.12431523913749952e+17,1.49921875000000000e+01,1.19926716101710593e-09,-2.16309057604819871e+07,2.25018717276236378e+07,3.00051327508712675e-09
6.13281250000000000e-01,3.78442381713602080e+16,8.74757625257429261e+00,4.02343750000000000e+00,-1.04673097184055712e+17,1.09109366385255984e+17,1.54375000000000000e+01,8.05244573564288887e-10,-2.09491121722726673e+07,2.18369802455649450e+07,3.08963743177288299e-09
6.21093750000000000e-01,3.66337741887205360e+16,8.49683928371798203e+00,6.35156250000000000e+00,-1.01364711371091392e+17,1.05892063514465888e+17,1.62031250000000000e+01,1.27119191904420738e-09,-2.02869769401119575e+07,2.11930742129208334e+07,3.24286843800453438e-09
6.28906250000000000e-01,3.54591740763801880e+16,8.32264000567484530e+00,3.46875000000000000e+00,-9.81516137504357280e+16,1.02776593628637968e+17,1.41953125000000000e+01,6.94230273131153918e-10,-1.96439125397415534e+07,2.05695488767708689e+07,2.84102794207051040e-09
6.36718750000000000e-01,3.43192787963172440e+16,8.14268829055819943e+00,7.98437500000000000e+00,-9.50309389842047200e+16,9.97600256318661280e+16,1.36093750000000000e+01,1.59798049355864702e-09,-1.90193455068582222e+07,1.99658176121027283e+07,2.72375931485240995e-09
6.44531250000000000e-01,3.32129635625185520e+16,7.93652748410766407e+00,7.10156250000000000e+00,-9.19998910239514400e+16,9.68395168262020960e+16,1.35703125000000000e+01,1.42129576188337587e-09,-1.84127162446397692e+07,1.93813114857349917e+07,2.71594140637120322e-09
6.52343750000000000e-01,3.21391366616917400e+16,7.73954864821833866e+00,4.01562500000000000e+00,-8.90557420642617920e+16,9.40123107641041600e+16,1.48984375000000000e+01,8.03680991868047542e-10,-1.78234788143192939e+07,1.88154788265095353e+07,2.98175029473223061e-09
6.60156250000000000e-01,3.10967383056400960e+16,7.55852370531256668e+00,3.19531250000000000e+00,-8.61958314251608160e+16,9.12757351346430240e+16,1.38515625000000000e+01,6.39504913762707055e-10,-1.72511007115117237e+07,1.82677848022400253e+07,2.77223034743589164e-09
6.67968750000000000e-01,3.00847395135088200e+16,7.37569519925497818e+00,5.11718750000000000e+00,-8.34175643757508800e+16,8.86271996854933120e+16,1.59531250000000000e+01,1.02414601103807614e-09,-1.66950626307785641e+07,1.77377110038225129e+07,3.19283382372481134e-09
6.75781250000000000e-01,2.91021410221119640e+16,7.19486391012042059e+00,6.57812500000000000e+00,-8.07184109104573600e+16,8.60641941823703360e+16,1.49609375000000000e+01,1.31653578823520618e-09,-1.61548582207076121e+07,1.72247550368402526e+07,2.99425894830216137e-09
6.83593750000000000e-01,2.81479722225381440e+16,7.01937032434522212e+00,6.94921875000000000e+00,-7.80959044882510400e+16,8.35842864072210720e+16,1.41718750000000000e+01,1.39080591880666985e-09,-1.56299938315828554e+07,1.67284301209247373e+07,2.83633719698178637e-09
6.91406250000000000e-01,2.72212901212053440e+16,6.80361193971687594e+00,8.69921875000000000e+00,-7.55476407441518400e+16,8.11851201961805760e+16,1.32578125000000000e+01,1.74104821876472945e-09,-1.51199882575068325e+07,1.62482646970753148e+07,2.65339813852154984e-09
6.99218750000000000e-01,2.63211783234875160e+16,6.63690894675406362e+00,9.19531250000000000e+00,-7.30712761811621920e+16,7.88644135180271360e+16,1.49453125000000000e+01,1.84033565647605444e-09,-1.46243724746061880e+07,1.57838020430841781e+07,2.99113178490967868e-09
7.07031250000000000e-01,2.54467460379555440e+16,6.45570446049674374e+00,1.10156250000000000e+01,-7.06645268494555040e+16,7.66199565936298720e+16,1.42656250000000000e+01,2.20465019170028593e-09,-1.41426893766864873e+07,1.53345998971654978e+07,2.85510017733668250e-09
7.14843750000000000e-01,2.45971270991521080e+16,6.28287826765061208e+00,9.12500000000000000e+00,-6.83251670180556080e+16,7.44496100566941280e+16,1.45625000000000000e+01,1.82626342120988233e-09,-1.36744935093842018e+07,1.49002300898498483e+07,2.91451628179385320e-09
7.22656250000000000e-01,2.37714790066362800e+16,6.14017518293180764e+00,7.42578125000000000e+00,-6.60510278423138240e+16,7.23513031559726240e+16,1.26796875000000000e+01,1.48618440227739148e-09,-1.32193508034776151e+07,1.44802781841775272e+07,2.53769309299969074e-09
7.30468750000000000e-01,2.29689819777619160e+16,5.97452597833419663e+00,9.83203125000000000e+00,-6.38399960281221600e+16,7.03230319990343200e+16,1.20000000000000000e+01,1.96776756471972342e-09,-1.27768383075445108e+07,1.40743431242091451e+07,2.40166148542669456e-09
7.38281250000000000e-01,2.21888380112654320e+16,5.79578010191333526e+00,7.67968750000000000e+00,-6.16900124909120880e+16,6.83628578376943920e+16,9.86718750000000000e+00,1.53700080740523477e-09,-1.23465439195762724e+07,1.36820368918742537e+07,1.97480368235280948e-09
7.46093750000000000e-01,2.14302699581890280e+16,5.65054223289279367e+00,5.78125000000000000e+00,-5.95990710040205840e+16,6.64689053953100640e+16,1.09453125000000000e+01,1.15705045521858983e-09,-1.19280661164639276e+07,1.33029841721988991e+07,2.19057795643411383e-09
7.53906250000000000e-01,2.06925205959005640e+16,5.48765447795425221e+00,7.05468750000000000e+00,-5.75652168269452240e+16,6.46393612363682080e+16,1.23281250000000000e+01,1.41191427170592780e-09,-1.15210136794592515e+07,1.29368220269973986e+07,2.46733191666883063e-09
7.61718750000000000e-01,1.99748516999265000e+16,5.32628046527881605e+00,6.53515625000000000e+00,-5.55865452994284800e+16,6.28724721791422080e+16,1.15703125000000000e+01,1.30793608890587899e-09,-1.11250054127969705e+07,1.25831995771839339e+07,2.31566449213342100e-09
7.69531250000000000e-01,1.92765431069046280e+16,5.18254571707200995e+00,8.57031250000000000e+00,-5.36612003824031360e+16,6.11665437526867600e+16,1.00507812500000000e+01,1.71524912077674726e-09,-1.07396698516818192e+07,1.22417776939578820e+07,2.01154785221448067e-09
7.77343750000000000e-01,1.85968917600910080e+16,5.02612800816839744e+00,7.23437500000000000e+00,-5.17873731219798720e+16,5.95199387000902080e+16,1.26171875000000000e+01,1.44787665071947853e-09,-1.03646449548733886e+07,1.19122286992470380e+07,2.52518443942976039e-09
7.85156250000000000e-01,1.79352107264075600e+16,4.87377899670016212e+00,1.01367187500000000e+01,-4.99633000085160720e+16,5.79310755306779040e+16,1.17500000000000000e+01,2.02874725087313546e-09,-9.99957777627269179e+06,1.15942360759478286e+07,2.35162687114697194e-09
7.92968750000000000e-01,1.72908281708589460e+16,4.72371346642959544e+00,8.25781250000000000e+00,-4.81872612003964880e+16,5.63984271247444640e+16,1.13007812500000000e+01,1.65270585292709388e-09,-9.64412410943236388e+06,1.12874941886785813e+07,2.26172092361309502e-09
8.00781250000000000e-01,1.66630862701404580e+16,4.58428278803783495e+00,7.66406250000000000e+00,-4.64575785829873840e+16,5.49205193952910240e+16,1.26992187500000000e+01,1.53387364401275229e-09,-9.29794809907873906e+06,1.09917080159416869e+07,2.54160204724029410e-09
8.08593750000000000e-01,1.60513400422479260e+16,4.43831849239834941e+00,9.48046875000000000e+00,-4.47726136394356000e+16,5.34959300120375680e+16,1.19492187500000000e+01,1.89740638838886332e-09,-8.96072181497686543e+06,1.07065928947493862e+07,2.39149820440112582e-09
8.16406250000000000e-01,1.54549560627310540e+16,4.29260664511089374e+00,8.09375000000000000e+00,-4.31307651245261280e+16,5.21232871934434000e+16,1.20156250000000000e+01,1.61987063730602584e-09,-8.63212478637994081e+06,1.04318742788606249e+07,2.40478864881917725e-09
8.24218750000000000e-01,1.48733110307455940e+16,4.15525086729940707e+00,7.48828125000000000e+00,-4.15304665597205520e+16,5.08012685722968240e+16,1.16210937500000000e+01,1.49869305584732203e-09,-8.31184350069017801e+06,1.01672875117419027e+07,2.32582777315898975e-09
8.32031250000000000e-01,1.43057901391040420e+16,4.01898466569291291e+00,6.54296875000000000e+00,-3.99701836123659120e+16,4.95286001391473600e+16,1.01406250000000000e+01,1.30949967060212033e-09,-7.99957087893770263e+06,9.91257761510745250e+06,2.02952904172125613e-09
8.39843750000000000e-01,1.37517851919653520e+16,3.88229284356857152e+00,7.74609375000000000e+00,-3.84484114930497360e+16,4.83040552647746880e+16,1.08867187500000000e+01,1.55029125182328620e-09,-7.69500575489121955e+06,9.66749909327766113e+06,2.17885109371230415e-09
8.47656250000000000e-01,1.32106924015946220e+16,3.74529937012161795e+00,8.32031250000000000e+00,-3.69636726147943040e+16,4.71264537970326240e+16,1.00742187500000000e+01,1.66521450649702464e-09,-7.39785240657274332e+06,9.43181575242282264e+06,2.01623859730320470e-09
8.55468750000000000e-01,1.26819097820331460e+16,3.61074735925245793e+00,7.88867187500000000e+00,-3.55145149267827840e+16,4.59946612172919200e+16,1.12617187500000000e+01,1.57882661777969075e-09,-7.10782022277213819e+06,9.20530053173490800e+06,2.25390301513188829e-09
8.63281250000000000e-01,1.21648340437534160e+16,3.48208686505244591e+00,6.55468750000000000e+00,-3.40995115968582560e+16,4.49075878250627360e+16,1.07617187500000000e+01,1.31184504314648235e-09,-6.82462363950295001e+06,8.98773534023915976e+06,2.15383378657244264e-09
8.71093750000000000e-01,1.16588568829802400e+16,3.34697368412097429e+00,6.88671875000000000e+00,-3.27172631207490480e+16,4.38641878927685040e+16,1.13359375000000000e+01,1.37829726523673910e-09,-6.54798256213951390e+06,8.77891088763183542e+06,2.26875704124618066e-09
8.78906250000000000e-01,1.11633605608999700e+16,3.21966131889793017e+00,7.13281250000000000e+00,-3.13664035402020320e+16,4.28634586910105600e+16,1.11601562500000000e+01,1.42755008866834125e-09,-6.27762360990456212e+06,8.57862648919818178e+06,2.23357645308075081e-09
8.86718750000000000e-01,1.06777126989839160e+16,3.08651243286893795e+00,6.39453125000000000e+00,-3.00456132796196280e+16,4.19044392217560560e+16,1.01484375000000000e+01,1.27979161837353478e-09,-6.01328268497394118e+06,8.38668981227460690e+06,2.03109262341749748e-09
8.94531250000000000e-01,1.02012603067896120e+16,2.96084985073813911e+00,4.93164062500000000e+00,-2.87536420125982640e+16,4.09862084078709200e+16,1.02929687500000000e+01,9.87010945752344402e-10,-5.75470954895034619e+06,8.20291651390461344e+06,2.06001888479796236e-09
9.02343750000000000e-01,9.73332324398098800e+15,2.83319597467105178e+00,4.48046875000000000e+00,-2.74893453056068160e+16,4.01078823779385600e+16,1.07031250000000000e+01,8.96714102794407149e-10,-5.50167515667258296e+06,8.02712969742658921e+06,2.14210692385063255e-09
9.10156250000000000e-01,9.27318760495055600e+15,2.70594070823088728e+00,4.56640625000000000e+00,-2.62517368037037040e+16,3.92686103931212240e+16,1.07382812500000000e+01,9.13913501453061839e-10,-5.25398210058447160e+06,7.85915909728213865e+06,2.14914304148371860e-09
9.17968750000000000e-01,8.82009976255832100e+15,2.58290117881923775e+00,4.86523437500000000e+00,-2.50400496039306400e+16,3.84675690011700880e+16,1.09179687500000000e+01,9.73720501334292970e-10,-5.01147689391118102e+06,7.69883990900866874e+06,2.18510542049726912e-09
9.25781250000000000e-01,8.37326144749794400e+15,2.45756820212397997e+00,3.26562500000000000e+00,-2.38537793960919200e+16,3.77039544293771280e+16,1.01914062500000000e+01,6.53577149028879158e-10,-4.77405860478823353e+06,7.54601126677652355e+06,2.03969232274682487e-09
9.33593750000000000e-01,7.93182368948832600e+15,2.33327105594311757e+00,3.82617187500000000e+00,-2.26926387474671400e+16,3.69769745190450400e+16,1.07578125000000000e+01,7.65764135734195136e-10,-4.54166970687444136e+06,7.40051462916622870e+06,2.15305199572432196e-09
9.41406250000000000e-01,7.49486911499396100e+15,2.20814785125316959e+00,5.00781250000000000e+00,-2.15562811899049000e+16,3.62858443321934240e+16,1.07343750000000000e+01,1.00225586729069731e-09,-4.31424085856854357e+06,7.26219289990145527e+06,2.14836125063559793e-09
9.49218750000000000e-01,7.06135108472647700e+15,2.08752093212391543e+00,3.82617187500000000e+00,-2.04435744338565520e+16,3.56297944081893680e+16,9.88671875000000000e+00,7.65764135734195136e-10,-4.09154544518726040e+06,7.13089208031831682e+06,1.97871263659341284e-09
9.57031250000000000e-01,6.62991352196943500e+15,1.96103172489641109e+00,4.80468750000000000e+00,-1.93512071833096480e+16,3.50081064375886960e+16,9.26953125000000000e+00,9.61602743188422548e-10,-3.87292074905559747e+06,7.00646840907292441e+06,1.85518968259034701e-09
9.64843750000000000e-01,6.19843458788291200e+15,1.83668053216912686e+00,4.78710937500000000e+00,-1.82717702293957640e+16,3.44201917755570680e+16,9.88671875000000000e+00,9.58084684371879522e-10,-3.65688390254215756e+06,6.88880407569633983e+06,1.97871263659341284e-09
9.72656250000000000e-01,5.76301879847342000e+15,1.70931700703419942e+00,4.03515625000000000e+00,-1.71927588142683820e+16,3.38657056017199080e+16,9.37890625000000000e+00,8.07589946108650905e-10,-3.44093222270489158e+06,6.77783006837081444e+06,1.87707982633772583e-09
9.80468750000000000e-01,5.31604827969424600e+15,1.57331678411328557e+00,3.76953125000000000e+00,-1.61013066420062620e+16,3.33446016657804120e+16,9.06445312500000000e+00,7.54428168436445386e-10,-3.22249066892928863e+06,6.67353713063330110e+06,1.81414566306401191e-09
9.88281250000000000e-01,4.84295447688351100e+15,1.43330984863174082e+00,3.73242187500000000e+00,-1.50064896443031120e+16,3.28567993007716440e+16,9.33203125000000000e+00,7.47001155379298998e-10,-3.00337568418144342e+06,6.57590911792150047e+06,1.86769833616027777e-09
9.96093750000000000e-01,4.31799212662656100e+15,1.27836108039580165e+00,2.82812500000000000e+00,-1.40031009487505420e+16,3.24006331089783400e+16,9.32226562500000000e+00,5.66016574039364259e-10,-2.80255901876301505e+06,6.48461272010618821e+06,1.86574385903997629e-09
