z_cm,what_re_cm_s_per_cm,what_im_cm_s_per_cm,uhat_re_cm_s_per_cm,uhat_im_cm_s_per_cm,phat_re_dyn_cm2_per_cm,phat_im_dyn_cm2_per_cm
-1.00000000000000000e+00,0.00000000000000000e+00,0.00000000000000000e+00,9.26518264087446092e-15,6.69784535925930413e+02,-1.62737135088019050e+06,6.12960746941555522e-11
-9.92187500000000000e-01,2.09249547409291310e+01,-3.14028338329024378e-16,1.08326310121830993e-14,6.69412567493533970e+02,-1.60799564297440578e+06,2.95342384122412822e-11
-9.84375000000000000e-01,4.18382854683458731e+01,-6.77039438261443705e-16,8.97675620603078822e-15,6.69616389355400088e+02,-1.58778304200615129e+06,3.23593188313013218e-11
-9.76562500000000000e-01,6.27759790756416365e+01,-8.75075601205948642e-16,6.02613152848864633e-15,6.70809462820285034e+02,-1.56913841548881540e+06,3.25118024123523328e-11
-9.68750000000000000e-01,8.37638768946136878e+01,-1.05367265879198410e-15,6.14756083800557809e-15,6.72723178619424402e+02,-1.55205710342532955e+06,3.10050032303510878e-11
-9.60937500000000000e-01,1.04821177739355662e+02,-1.25929815358129727e-15,6.63074697083249011e-15,6.75196067934485654e+02,-1.53651607236944372e+06,2.85195534972075542e-11
-9.53125000000000000e-01,1.25963631140519041e+02,-1.46809434446901473e-15,3.18884216368077486e-15,6.78159050621418146e+02,-1.52249386057290109e+06,3.01701250638066368e-11
-9.45312500000000000e-01,1.47206118403194296e+02,-1.45860078881134570e-15,2.50439890968045811e-15,6.81610974730317821e+02,-1.50996877960001957e+06,2.79428548801581919e-11
-9.37500000000000000e-01,1.68564317061163905e+02,-1.62461927632404336e-15,2.33679096212913211e-15,6.85590183053031978e+02,-1.49892193120016763e+06,2.57232069048935900e-11
-9.29687500000000000e-01,1.90055504844008794e+02,-1.60465022394441646e-15,1.74514180654378054e-16,6.90149985856931380e+02,-1.48933778519132314e+06,2.76286168654818779e-11
-9.21875000000000000e-01,2.11698691177222116e+02,-1.63552641261494199e-15,3.73923304990455341e-15,6.95341188873286228e+02,-1.48120441352334851e+06,2.23317663448837996e-11
-9.14062500000000000e-01,2.33514329148589184e+02,-1.83835228956345105e-15,4.57264145496234749e-15,7.01202443904741813e+02,-1.47451311899806466e+06,2.09082439428771716e-11
-9.06250000000000000e-01,2.55523843921268480e+02,-1.92131650355008871e-15,1.22564046988293526e-15,7.07757244553416967e+02,-1.46925785836474271e+06,2.43509804428820147e-11
-8.98437500000000000e-01,2.77749156933177744e+02,-1.91495481893113450e-15,2.56944740773752685e-15,7.15015519431808116e+02,-1.46543463217490166e+06,1.92804563522900337e-11
-8.90625000000000000e-01,3.00212313885756487e+02,-2.08190696653368414e-15,6.18552317989405105e-16,7.22977638915312127e+02,-1.46304098555920226e+06,2.00171309904103891e-11
-8.82812500000000000e-01,3.22935259365384752e+02,-1.95361433880547232e-15,-2.40291408740716437e-16,7.31639022878726792e+02,-1.46207567712576711e+06,1.79830334226544174e-11
-8.75000000000000000e-01,3.45939752815676911e+02,-2.06688875348738936e-15,-2.12093826847054191e-15,7.40994134415500412e+02,-1.46253851846802514e+06,1.73335146142175638e-11
-8.67187500000000000e-01,3.69247392766353528e+02,-1.82105569702606345e-15,-5.12489211579165816e-15,7.51039258154483832e+02,-1.46443034995443607e+06,1.89578109003664326e-11
-8.59375000000000000e-01,3.92879706450332151e+02,-1.74658299625041073e-15,-3.55916899019783290e-15,7.61773956941417964e+02,-1.46775310396369919e+06,1.35567840471125833e-11
-8.51562500000000000e-01,4.16858265075192151e+02,-1.59860763513869889e-15,-5.62027207895903861e-15,7.73201420775396400e+02,-1.47250990795978624e+06,1.37603846290196368e-11
-8.43750000000000000e-01,4.41204795248794426e+02,-1.39531599131547081e-15,-7.78304979336402886e-15,7.85328069124439935e+02,-1.47870519063174701e+06,1.28646871266788327e-11
-8.35937500000000000e-01,4.65941269395469646e+02,-1.11216702305344709e-15,-7.43815978816995254e-15,7.98162779834210596e+02,-1.48634476863559312e+06,1.01759152080185190e-11
-8.28125000000000000e-01,4.91089968988432588e+02,-9.30431004554848780e-16,-4.83481596734851610e-15,8.11716046159825964e+02,-1.49543590488416725e+06,5.70236467912682288e-12
-8.20312500000000000e-01,5.16673522280458769e+02,-8.09991025094164834e-16,-3.80230507980843632e-15,8.25999256760393109e+02,-1.50598733933413774e+06,2.66565629042390015e-12
-8.12500000000000000e-01,5.42714922535957157e+02,-6.92786937066821510e-16,-6.51066974966441915e-15,8.41024188614217564e+02,-1.51800929902982200e+06,-7.41694235644745226e-13
-8.04687500000000000e-01,5.69237534068847367e+02,-4.03074165740138637e-16,-1.26370295776182320e-14,8.56802721476058650e+02,-1.53151349619978527e+06,-1.13051536477508925e-14
-7.96875000000000000e-01,5.96265092628210823e+02,9.70274115343179871e-17,-1.44486152149312888e-14,8.73346732691297802e+02,-1.54651312252775370e+06,-1.96999239884126490e-12
-7.89062500000000000e-01,6.23821704862053480e+02,4.99964285193066962e-16,-1.40318270216316787e-14,8.90668110893069752e+02,-1.56302284556064941e+06,-5.96424118306144488e-12
-7.81250000000000000e-01,6.51931849559027683e+02,9.74016600386297908e-16,-1.59959905232166061e-14,9.08778828747414082e+02,-1.58105881063395902e+06,-6.29531268052100699e-12
-7.73437500000000000e-01,6.80620381658766860e+02,1.49971369289410484e-15,-1.62653824656362388e-14,9.27691029181451086e+02,-1.60063864941931237e+06,-8.02513465595724291e-12
-7.65625000000000000e-01,7.09912538882868375e+02,1.99060300448856283e-15,-1.69545017936117320e-14,9.47417098128704311e+02,-1.62178149460404133e+06,-7.48420323263401938e-12
-7.57812500000000000e-01,7.39833950291810879e+02,2.55937005499483809e-15,-1.64286637025366453e-14,9.67969713857342867e+02,-1.64450799937381456e+06,-8.26852631880666854e-12
-7.50000000000000000e-01,7.70410645998952305e+02,3.01739448589710316e-15,-1.39993127502495666e-14,9.89361875243137547e+02,-1.66884036016746168e+06,-1.24756407469496333e-11
-7.42187500000000000e-01,8.01669067494506976e+02,3.43432710188543600e-15,-1.57728124809139399e-14,1.01160691806724390e+03,-1.69480234139627661e+06,-1.15221679369781694e-11
-7.34375000000000000e-01,8.33636078378155048e+02,4.00319526595422441e-15,-1.67401220680942682e-14,1.03471853029235172e+03,-1.72241930124795903e+06,-1.14942326037865722e-11
-7.26562500000000000e-01,8.66338975637778958e+02,4.48058473114132777e-15,-1.50908977036479338e-14,1.05871077580962447e+03,-1.75171821815070021e+06,-1.57500128618689269e-11
-7.18750000000000000e-01,8.99805501866256577e+02,4.94637637243222027e-15,-1.65260566116932189e-14,1.08359813299219604e+03,-1.78272771784372139e+06,-1.51755157925043114e-11
-7.10937500000000000e-01,9.34063858949791211e+02,5.51346326937215395e-15,-1.32049150876906256e-14,1.10939555088931593e+03,-1.81547810123816039e+06,-1.82352585196125165e-11
-7.03125000000000000e-01,9.69142723796838823e+02,5.77168356541288437e-15,-6.89392839657676875e-15,1.13611852292516596e+03,-1.85000137335768295e+06,-2.59378380864384051e-11
-6.95312500000000000e-01,1.00507126663261408e+03,5.94433379415820200e-15,-1.06830295728302756e-14,1.16378317592571511e+03,-1.88633127365154331e+06,-2.77017980542130387e-11
-6.87500000000000000e-01,1.04187917229219602e+03,6.43937291371477659e-15,-2.01747486661443849e-14,1.19240637120856081e+03,-1.92450330791491643e+06,-2.42434450659570588e-11
-6.79687500000000000e-01,1.07959666483314913e+03,7.20525558579222605e-15,-2.02659978116575399e-14,1.22200581412961401e+03,-1.96455478197095753e+06,-2.85274510056783875e-11
-6.71875000000000000e-01,1.11825453567529689e+03,7.70599777694337283e-15,-1.73410723575353788e-14,1.25260016859258394e+03,-2.00652483719376428e+06,-3.24209435563970011e-11
-6.64062500000000000e-01,1.15788417537018563e+03,8.28907260813818723e-15,-1.77801909092800095e-14,1.28420917331370583e+03,-2.05045448789751297e+06,-3.50382309506918307e-11
-6.56250000000000000e-01,1.19851760900740351e+03,8.81725970877337343e-15,-2.24752586473495876e-14,1.31685375688984641e+03,-2.09638666058884049e+06,-3.88958708538440008e-11
-6.48437500000000000e-01,1.24018753517580103e+03,9.69377627359753645e-15,-3.15346420140357947e-14,1.35055614883096132e+03,-2.14436623507455131e+06,-3.37826737709467779e-11
-6.40625000000000000e-01,1.28292736830933859e+03,1.07881748346506106e-14,-2.75752587070325555e-14,1.38533998365929074e+03,-2.19444008742771437e+06,-4.65289852557253053e-11
-6.32812500000000000e-01,1.32677128415450670e+03,1.14172299427870712e-14,-2.75325877432043419e-14,1.42123039497813807e+03,-2.24665713483449910e+06,-4.94223345847705832e-11
-6.25000000000000000e-01,1.37175426799547222e+03,1.25089615686008820e-14,-2.65440037396161165e-14,1.45825409613548254e+03,-2.30106838236567657e+06,-4.95702543561980284e-11
-6.17187500000000000e-01,1.41791216516297436e+03,1.30762301765130785e-14,-1.85214807629070704e-14,1.49643944382273548e+03,-2.35772697173591563e+06,-6.02365470653130637e-11
-6.09375000000000000e-01,1.46528173323439319e+03,1.36665541162825739e-14,-1.97937848430889050e-14,1.53581648072070675e+03,-2.41668823212946486e+06,-5.34942808505585491e-11
-6.01562500000000000e-01,1.51390069520801853e+03,1.43133417292061350e-14,-9.87986726938136724e-15,1.57641695318280836e+03,-2.47800973318174761e+06,-6.81742603355239977e-11
-5.93750000000000000e-01,1.56380779280831871e+03,1.42840458206189093e-14,-1.00946764633751809e-14,1.61827429996367937e+03,-2.54175134021388693e+06,-7.21892782138336410e-11
-5.85937500000000000e-01,1.61504283895574849e+03,1.49442590081670838e-14,-1.95781547954272269e-14,1.66142360818089583e+03,-2.60797527182217408e+06,-6.78924561201531217e-11
-5.78125000000000000e-01,1.66764676831962470e+03,1.55076804953331110e-14,-2.16184103180234642e-14,1.70590153305052809e+03,-2.67674615992831858e+06,-7.62514387579401133e-11
-5.70312500000000000e-01,1.72166168477140650e+03,1.62954096530435503e-14,-2.81468808594636205e-14,1.75174617846953333e+03,-2.74813111239848752e+06,-7.17353235816364654e-11
-5.62500000000000000e-01,1.77713090447397053e+03,1.72668605490495873e-14,-2.57330169945333209e-14,1.79899693623059284e+03,-2.82219977834001230e+06,-8.14768749357158122e-11
-5.54687500000000000e-01,1.83409899328581855e+03,1.79037232152018829e-14,-2.59342713467004968e-14,1.84769428254373997e+03,-2.89902441618366493e+06,-8.47123648557596173e-11
-5.46875000000000000e-01,1.89261179713295428e+03,1.88877525082183683e-14,-2.73696732040651548e-14,1.89787953159372410e+03,-2.97867996465722844e+06,-8.85800135947016246e-11
-5.39062500000000000e-01,1.95271646401042631e+03,1.96143277904559551e-14,-2.97937670461039867e-14,1.94959454706390898e+03,-3.06124411675103894e+06,-9.28895198264002343e-11
-5.31250000000000000e-01,2.01446145632444859e+03,2.07498629485998675e-14,-3.53796044885652040e-14,2.00288141388125587e+03,-3.14679739676954877e+06,-9.11877182682545676e-11
-5.23437500000000000e-01,2.07789655237800480e+03,2.18255530709912803e-14,-3.61022586154650399e-14,2.05778207385306450e+03,-3.23542324055767711e+06,-1.05738297404704894e-10
-5.15625000000000000e-01,2.14307283594026512e+03,2.30062541120664325e-14,-4.75344452479445125e-14,2.11433793034323753e+03,-3.32720807898603659e+06,-1.02334236367736027e-10
-5.07812500000000000e-01,2.21004267302445714e+03,2.47964558989878123e-14,-4.69774082349161940e-14,2.17258942864960409e+03,-3.42224142477741698e+06,-1.10676002164851078e-10
-5.00000000000000000e-01,2.27885967523086538e+03,2.59423421267486946e-14,-4.61446415361174791e-14,2.23257562028056418e+03,-3.52061596275972901e+06,-1.23812540709781352e-10
-4.92187500000000000e-01,2.34957864929199241e+03,2.76804959949951548e-14,-6.46731242809770417e-14,2.29433372088821488e+03,-3.62242764363607345e+06,-1.17143151037819666e-10
-4.84375000000000000e-01,2.42225553278637881e+03,2.99844123943097597e-14,-7.12465720988306253e-14,2.35789867320378107e+03,-3.72777578136641486e+06,-1.17888547659479347e-10
-4.76562500000000000e-01,2.49694731636722872e+03,3.21334067511720689e-14,-5.69823018028714879e-14,2.42330272794275515e+03,-3.83676315425326722e+06,-1.32507746752057589e-10
-4.68750000000000000e-01,2.57371195328280101e+03,3.35458062569892277e-14,-5.02567916727991282e-14,2.49057505727725220e+03,-3.94949610980606498e+06,-1.37200804567147263e-10
-4.60937500000000000e-01,2.65260825744705699e+03,3.52744562307220144e-14,-5.19600125415237396e-14,2.55974141703165515e+03,-4.06608467341873283e+06,-1.39979287767082839e-10
-4.53125000000000000e-01,2.73369579184727945e+03,3.67933070408344614e-14,-5.43569574170672709e-14,2.63082387508097599e+03,-4.18664266082751099e+06,-1.50024821186839292e-10
-4.45312500000000000e-01,2.81703474963961798e+03,3.86717660692887188e-14,-6.77114573485674985e-14,2.70384062425528828e+03,-4.31128779422289878e+06,-1.48221100066815871e-10
-4.37500000000000000e-01,2.90268583086323497e+03,4.10252731251199301e-14,-7.44025868793976938e-14,2.77880589802398754e+03,-4.44014182178396918e+06,-1.48624210039052270e-10
-4.29687500000000000e-01,2.99071011826611721e+03,4.33219277492510747e-14,-6.27724456606346846e-14,2.85573000595182384e+03,-4.57333064030910935e+06,-1.63513532445815721e-10
-4.21875000000000000e-01,3.08116895623522396e+03,4.49485509789095979e-14,-6.16521648658749685e-14,2.93461950303382037e+03,-4.71098442057086155e+06,-1.69384948548883994e-10
-4.14062500000000000e-01,3.17412383720573098e+03,4.71751880533682602e-14,-7.25991263064113288e-14,3.01547750235314743e+03,-4.85323773506252375e+06,-1.64467620725501088e-10
-4.06250000000000000e-01,3.26963630013229567e+03,4.94859963730603059e-14,-6.66016319382854277e-14,3.09830413420936384e+03,-5.00022968796477281e+06,-1.82174627257644832e-10
-3.98437500000000000e-01,3.36776784559381622e+03,5.13377900495110994e-14,-6.65437385067764212e-14,3.18309714751076535e+03,-5.15210404744828213e+06,-1.87545898606133588e-10
-3.90625000000000000e-01,3.46857987185171851e+03,5.36449800297338323e-14,-7.26731233135139545e-14,3.26985264184697735e+03,-5.30900938081082515e+06,-1.89304537879037221e-10
-3.82812500000000000e-01,3.57213363570925230e+03,5.58798602566057216e-14,-7.13300213405049814e-14,3.35856591261807625e+03,-5.47109919333710428e+06,-2.05189269110050153e-10
-3.75000000000000000e-01,3.67849024139034827e+03,5.81031063635153936e-14,-7.12426886864956162e-14,3.44923238825571025e+03,-5.63853207202179544e+06,-2.05861821518111050e-10
-3.67187500000000000e-01,3.78771065997523419e+03,6.03325282995116976e-14,-5.79833824828711565e-14,3.54184863876906456e+03,-5.81147183523188997e+06,-2.15608456710126962e-10
-3.59375000000000000e-01,3.89985578131341481e+03,6.17270677686948409e-14,-4.19711223876595364e-14,3.63641343825179501e+03,-5.99008768883525115e+06,-2.18981788124786659e-10
-3.51562500000000000e-01,4.01498649986597138e+03,6.29557234487404186e-14,-2.81418001812359066e-14,3.73292886849206116e+03,-6.17455438819725625e+06,-2.46664719362556411e-10
-3.43750000000000000e-01,4.13316383559416863e+03,6.34859302800220851e-14,-5.73707007098871561e-14,3.83140145227279572e+03,-6.36505240382793732e+06,-2.40929476103376894e-10
-3.35937500000000000e-01,4.25444909063302111e+03,6.65413922431083659e-14,-8.32567556011662082e-14,3.93184329743358830e+03,-6.56176808667447139e+06,-2.40236121149016089e-10
-3.28125000000000000e-01,4.37890404168376790e+03,6.86894775050949731e-14,-7.42382457726915552e-14,4.03427320988163410e+03,-6.76489382770714443e+06,-2.56566247369255013e-10
-3.20312500000000000e-01,4.50659116625062325e+03,7.11812826039015881e-14,-5.30140712453942042e-14,4.13871769081277307e+03,-6.97462820638473798e+06,-2.75854155260699241e-10
-3.12500000000000000e-01,4.63757389735956622e+03,7.20028569579321108e-14,-4.54861316634847168e-14,4.24521167056933336e+03,-7.19117612472881097e+06,-2.89445949401677536e-10
-3.04687500000000000e-01,4.77191689566120658e+03,7.40241658328693829e-14,-5.20314076408710152e-14,4.35379875703860307e+03,-7.41474892876981944e+06,-2.91584234469120224e-10
-2.96875000000000000e-01,4.90968631967447891e+03,7.52548199354865493e-14,-4.31174444190976942e-14,4.46453070896329882e+03,-7.64556452708905376e+06,-3.11451140949357677e-10
-2.89062500000000000e-01,5.05095006497141276e+03,7.67190061090629888e-14,-2.95392515048588959e-14,4.57746581311651971e+03,-7.88384752603787091e+06,-3.36046529871221827e-10
-2.81250000000000000e-01,5.19577793299426139e+03,7.71010231545402303e-14,-4.29448605896079946e-14,4.69266588455378951e+03,-8.12982941051494516e+06,-3.50470022650978740e-10
-2.73437500000000000e-01,5.34424168275602460e+03,7.94030598959134884e-14,-7.40655202921994362e-14,4.81019175402360270e+03,-8.38374880406728387e+06,-3.33916765967965650e-10
-2.65625000000000000e-01,5.49641491762073656e+03,8.17301181728026950e-14,-4.19670060121049565e-14,4.93009737226301513e+03,-8.64585183778451756e+06,-3.88563201637700243e-10
-2.57812500000000000e-01,5.65237276852246305e+03,8.20259977716700482e-14,-2.74369092615563647e-14,5.05242302953338367e+03,-8.91639263949749805e+06,-3.97100367619839898e-10
-2.50000000000000000e-01,5.81219135696657304e+03,8.34449250016499678e-14,-3.43450040832733849e-14,5.17718859273503767e+03,-9.19563392083222792e+06,-4.15357702260837014e-10
-2.42187500000000000e-01,5.97594705556840290e+03,8.41725605268746348e-14,-6.87492542503686795e-14,5.30438797655499366e+03,-9.48384759178569168e+06,-4.26379799063978723e-10
-2.34375000000000000e-01,6.14371560550126014e+03,8.77417533922980103e-14,-1.05405759040120016e-13,5.43398611513635842e+03,-9.78131527933748439e+06,-4.12040424951730120e-10
-2.26562500000000000e-01,6.31557118776442530e+03,9.07604204668821358e-14,-7.96084206817431947e-14,5.56591929607468774e+03,-1.00883285845289975e+07,-4.65666635230856295e-10
-2.18750000000000000e-01,6.49158556150592813e+03,9.27172796849069600e-14,-7.12457106946396129e-14,5.70009871237134212e+03,-1.04051889045136981e+07,-4.50242550750818684e-10
-2.10937500000000000e-01,6.67182735728763419e+03,9.52132773852971116e-14,-2.01386872137121061e-14,5.83641546139697311e+03,-1.07322066980465353e+07,-4.83424799545943244e-10
-2.03125000000000000e-01,6.85636152784323895e+03,9.39759476357639666e-14,1.68488307883217485e-14,5.97474317431324744e+03,-1.10697002054405771e+07,-5.39180701382623821e-10
-1.95312500000000000e-01,7.04524880568221215e+03,9.41602254610270023e-14,-5.56190149429442036e-14,6.11493248884181958e+03,-1.14179938519480657e+07,-4.78455892958331961e-10
-1.87500000000000000e-01,7.23854480839585267e+03,9.74521360696979793e-14,-6.37250572154883470e-14,6.25679048227843305e+03,-1.17774168434552178e+07,-5.19678147411994680e-10
-1.79687500000000000e-01,7.43629821082461422e+03,9.81430415369950240e-14,-4.93998811855274747e-14,6.40003897444430913e+03,-1.21483027438934371e+07,-5.42139505930229449e-10
-1.71875000000000000e-01,7.63854724429862199e+03,1.00539628643793446e-13,-4.00724953327350536e-14,6.54424929167350638e+03,-1.25309910027514361e+07,-5.45780618642746151e-10
-1.64062500000000000e-01,7.84531379155420836e+03,1.00647572495290965e-13,-1.33372438303997401e-14,6.68875826359885104e+03,-1.29258313461279254e+07,-5.81368681566546017e-10
-1.56250000000000000e-01,8.05659463577355018e+03,1.01373206383193430e-13,-1.11293340015730823e-15,6.83258064573607408e+03,-1.33331915211808737e+07,-5.83155723916498824e-10
-1.48437500000000000e-01,8.27235008191271299e+03,1.00717130832800797e-13,1.93047886276108193e-14,6.97434521361481166e+03,-1.37534680014893375e+07,-6.40958250448724997e-10
-1.40625000000000000e-01,8.49249121162447591e+03,1.00166657093967754e-13,-2.80842518847072435e-14,7.11229218923201552e+03,-1.41870979353803322e+07,-6.00945674530949761e-10
-1.32812500000000000e-01,8.71686834373971396e+03,1.02472396575594999e-13,1.23972177602836857e-15,7.24437359177146573e+03,-1.46345690347152576e+07,-6.33317143394229991e-10
-1.25000000000000000e-01,8.94526456111019252e+03,1.00089174482965981e-13,8.17415807295544750e-14,7.36848982920963317e+03,-1.50964226534540448e+07,-6.93753737472388257e-10
-1.17187500000000000e-01,9.17739895806531604e+03,9.73635477799978446e-14,1.00934549923620348e-13,7.48287023221270647e+03,-1.55732445953633972e+07,-6.81941957126408124e-10
-1.09375000000000000e-01,9.41294395062348667e+03,9.37807651127397093e-14,1.12153038415837389e-13,7.58655993443084299e+03,-1.60656389475291669e+07,-7.13832534846101730e-10
-1.01562500000000000e-01,9.65155895396724372e+03,9.03539828790080079e-14,9.73155470392520865e-14,7.67991360508452635e+03,-1.65741831349298656e+07,-7.22392027027853278e-10
-9.37500000000000000e-02,9.89293855094126957e+03,8.76985434227864539e-14,8.59472993986194077e-14,7.76492894831288140e+03,-1.70993678014725558e+07,-7.40651331184484020e-10
-8.59375000000000000e-02,1.01368670132367988e+04,8.49822766665942949e-14,9.46920116590822762e-14,7.84519953923911089e+03,-1.76415327036082968e+07,-7.55476232366948701e-10
-7.81250000000000000e-02,1.03832635221437140e+04,8.17802926940938116e-14,1.24750039541562602e-13,7.92525519142550183e+03,-1.82008184921832904e+07,-8.13823378813610985e-10
-7.03125000000000000e-02,1.06321954627008927e+04,7.71853991952466323e-14,8.63573762711537988e-14,8.00911962982043042e+03,-1.87771610015367866e+07,-8.19253450846095858e-10
-6.25000000000000000e-02,1.08838334990074909e+04,7.63829566771466992e-14,4.91286435227143939e-14,8.09807465599983698e+03,-1.93703586732777059e+07,-7.73572995356978738e-10
-5.46875000000000000e-02,1.11383251287008825e+04,7.41148589750769826e-14,1.73060035096374793e-13,8.18788614976246026e+03,-1.99802316063046046e+07,-9.04028488976845436e-10
-4.68750000000000000e-02,1.13955763833676447e+04,6.55667044836232746e-14,2.25090487513887468e-13,8.26609044918545987e+03,-2.06068950598629788e+07,-8.87016001624003252e-10
-3.90625000000000000e-02,1.16549557817749737e+04,6.00467035054590159e-14,2.70176720575623650e-13,8.31031356550927740e+03,-2.12510561875722334e+07,-9.50003078341341878e-10
-3.12500000000000000e-02,1.19149709812119745e+04,4.86806594476467965e-14,2.48693373608981349e-13,8.28880942649874487e+03,-2.19145119916559532e+07,-9.44836101775302697e-10
-2.34375000000000000e-02,1.21730063709311453e+04,4.45033676548976816e-14,2.60114025771786462e-13,8.16459588921675459e+03,-2.25998242793885544e+07,-9.29734773290022279e-10
-1.56250000000000000e-02,1.24252582242880217e+04,3.24235328369101427e-14,4.04594851452351005e-13,7.90350393889355473e+03,-2.33124378302514106e+07,-1.05593858294278567e-09
-7.81250000000000000e-03,1.26669753671119925e+04,1.92161894391257438e-14,5.18776525390562283e-13,7.48804281238419935e+03,-2.40523685319710337e+07,-9.25503637711812500e-10
0.00000000000000000e+00,1.28932609000620341e+04,0.00000000000000000e+00,-2.11724959716630203e-13,-8.68723188342925278e+03,2.51029445966481343e+07,6.96519529386330590e-10
7.81250000000000000e-03,1.26130768133929814e+04,1.12210726334715302e-14,-5.06423688825547728e-13,-9.24454966339009115e+03,7.19222191978242397e+07,4.19022253488697141e-09
1.56250000000000000e-02,1.23154765461001534e+04,3.16514805515967330e-14,-5.87421122962094429e-13,-9.63241987249476369e+03,6.98540088269827515e+07,3.79089960630753598e-09
2.34375000000000000e-02,1.20110505713620587e+04,4.79348928186024320e-14,-4.16644776428282686e-13,-9.76879457580405870e+03,6.78060724252327979e+07,3.45330457642967030e-09
3.12500000000000000e-02,1.17049268851123998e+04,5.76917790783644009e-14,-2.83478790375207337e-13,-9.78125193400570424e+03,6.57624593151948303e+07,3.23471588566952117e-09
3.90625000000000000e-02,1.13997223254867022e+04,6.56523172170528905e-14,-3.11887034269058683e-13,-9.72849302965585957e+03,6.37606934090010673e+07,3.33824223925821492e-09
4.68750000000000000e-02,1.10968960707589085e+04,7.71847187201805686e-14,-3.56774935156711149e-13,-9.63679831629624823e+03,6.18098073633383065e+07,3.12504623960541239e-09
5.46875000000000000e-02,1.07974224307181867e+04,8.79507506643473374e-14,-4.56462956319957897e-13,-9.51767339674642426e+03,5.99156866879468858e+07,3.32956255953064041e-09
6.25000000000000000e-02,1.05020414834622570e+04,1.05713653490177937e-13,-4.11274805475753970e-13,-9.37721336897998117e+03,5.80788680360701531e+07,2.89380414971419147e-09
7.03125000000000000e-02,1.02113465951569378e+04,1.13655426006581960e-13,-4.66230008450763020e-13,-9.21968521907046670e+03,5.62984098020491004e+07,3.04655502566396210e-09
7.81250000000000000e-02,9.92581115727035285e+03,1.34853029018350626e-13,-4.57172312019980065e-13,-9.04871847204325604e+03,5.45726715328712985e+07,2.99444873413948192e-09
8.59375000000000000e-02,9.64580169065423433e+03,1.42228695507830715e-13,-3.56872428455185581e-13,-8.86753231530351331e+03,5.28999333935859650e+07,2.66177178239243098e-09
9.37500000000000000e-02,9.37159038756388327e+03,1.57157555796799725e-13,-3.29807342780926072e-13,-8.67892147760486114e+03,5.12785321807755232e+07,2.94790966523464680e-09
1.01562500000000000e-01,9.10336909830393051e+03,1.62841654431638594e-13,-1.42694951006660328e-13,-8.48523165937204612e+03,4.97068964305259958e+07,2.41342369979359204e-09
1.09375000000000000e-01,8.84126340885313039e+03,1.66075990234715995e-13,-1.50681684615435093e-13,-8.28837782194995089e+03,4.81835297335803509e+07,2.46752348921188362e-09
1.17187500000000000e-01,8.58534548443205858e+03,1.72259259720103287e-13,-2.70506877371094282e-13,-8.08989437801227905e+03,4.67069926941088811e+07,2.62231184775811016e-09
1.25000000000000000e-01,8.33564501022736295e+03,1.82982670070409388e-13,-2.54875303703639733e-13,-7.89099777500409982e+03,4.52758902104964182e+07,2.55737248219381628e-09
1.32812500000000000e-01,8.09215812349430234e+03,1.88188966201580771e-13,-1.04247083556793689e-13,-7.69264764929331432e+03,4.38888650896097869e+07,2.11187276889134368e-09
1.40625000000000000e-01,7.85485453214653080e+03,1.89498112792708993e-13,-1.44671301242774218e-13,-7.49560000247410790e+03,4.25445954678912908e+07,2.13708421386995598e-09
1.48437500000000000e-01,7.62368312333967060e+03,1.97230922529254159e-13,-3.01420530475868247e-13,-7.30045062474832230e+03,4.12417941057583839e+07,2.30682501671822723e-09
1.56250000000000000e-01,7.39857636809976066e+03,2.08336895947450759e-13,-3.02591959970613103e-13,-7.10766937706549652e+03,3.99792083325665593e+07,2.36896193174896026e-09
1.64062500000000000e-01,7.17945378727307707e+03,2.16142920027417478e-13,-7.85619629682601012e-14,-6.91762680077560071e+03,3.87556200703107864e+07,1.68426740412204573e-09
1.71875000000000000e-01,6.96622469305128561e+03,2.13247018632967015e-13,-1.34000371783437354e-13,-6.73061462453930289e+03,3.75698457210672498e+07,1.94546714868938508e-09
1.79687500000000000e-01,6.75879037323937064e+03,2.24517943263882313e-13,-2.14708297942833956e-13,-6.54686154428787995e+03,3.64207358749344200e+07,2.17630473477463973e-09
1.87500000000000000e-01,6.55704584653329312e+03,2.26666287254394137e-13,-6.08504136006885324e-14,-6.36654538889732794e+03,3.53071748584631532e+07,1.65236979488342106e-09
1.95312500000000000e-01,6.36088128643328764e+03,2.28321094113925346e-13,-1.99268219971838055e-14,-6.18980254018357664e+03,3.42280801590860486e+07,1.75211457387860765e-09
2.03125000000000000e-01,6.17018318777181958e+03,2.27911713629218125e-13,2.47162572495536415e-16,-6.01673527487517276e+03,3.31824017588853240e+07,1.73679746887824314e-09
2.10937500000000000e-01,5.98483533175358934e+03,2.28305646453144375e-13,6.24824991442208512e-14,-5.84741753777419217e+03,3.21691214046666771e+07,1.61161650781932322e-09
2.18750000000000000e-01,5.80471959166093256e+03,2.24006557432704322e-13,9.79791793096141023e-14,-5.68189953212357068e+03,3.11872518352643177e+07,1.42579385369754788e-09
2.26562500000000000e-01,5.62971661099586618e+03,2.22181947746293494e-13,2.52566795913418564e-14,-5.52021141783650091e+03,3.02358359822692424e+07,1.66962530658984468e-09
2.34375000000000000e-01,5.45970637804615126e+03,2.22428014958245456e-13,7.55360400965066484e-14,-5.36236633472188259e+03,2.93139461567749903e+07,1.43398351370582557e-09
2.42187500000000000e-01,5.29456871507574851e+03,2.17460945240261828e-13,1.18571471918673874e-13,-5.20836291155558138e+03,2.84206832319401875e+07,1.32467330221435604e-09
2.50000000000000000e-01,5.13418369607392742e+03,2.15017297963328339e-13,9.37696779564001836e-14,-5.05818737920530839e+03,2.75551758289204463e+07,1.42672872939743307e-09
2.57812500000000000e-01,4.97843200387541674e+03,2.11600340367986817e-13,1.05643117743011330e-13,-4.91181537412662874e+03,2.67165795118888579e+07,1.23498176761871001e-09
2.65625000000000000e-01,4.82719523519101313e+03,2.08414603104390131e-13,6.00004262132598830e-14,-4.76921349504223326e+03,2.59040759963559546e+07,1.31112655510527885e-09
2.73437500000000000e-01,4.68035616043527716e+03,2.07850313729658074e-13,4.21935311173813633e-14,-4.63034065855672816e+03,2.51168723737899959e+07,1.24883510601853604e-09
2.81250000000000000e-01,4.53779894403121762e+03,2.05777507409553796e-13,4.37411800333062254e-14,-4.49514928726687504e+03,2.43542003545720205e+07,1.21269048450662323e-09
2.89062500000000000e-01,4.39940932998109747e+03,2.05116489977576435e-13,5.42359437428981417e-14,-4.36358635534447967e+03,2.36153155305662341e+07,1.22802382035908605e-09
2.96875000000000000e-01,4.26507479682218764e+03,2.02387760925622662e-13,8.17807925782941535e-14,-4.23559431061039504e+03,2.28994966580227055e+07,1.04478179651417460e-09
3.04687500000000000e-01,4.13468468556794778e+03,2.00005190441433050e-13,1.66428312546618134e-14,-4.11111188802504330e+03,2.22060449611011893e+07,1.23846066630958392e-09
3.12500000000000000e-01,4.00813030382062243e+03,2.01347583972206298e-13,1.88958115383834096e-14,-3.99007482672670449e+03,2.15342834560046867e+07,1.11053918758577979e-09
3.20312500000000000e-01,3.88530500889752875e+03,1.98824202220284087e-13,2.47845469548610174e-14,-3.87241650083400600e+03,2.08835562954988144e+07,1.04184621467629121e-09
3.28125000000000000e-01,3.76610427251849705e+03,1.99798549787527485e-13,-2.20967778840652035e-15,-3.75806847289355210e+03,2.02532281334456690e+07,1.10188195343431962e-09
3.35937500000000000e-01,3.65042572934168174e+03,1.98962307082059495e-13,4.68854903468671199e-15,-3.64696097788861516e+03,1.96426835088982061e+07,1.02188098332383195e-09
3.43750000000000000e-01,3.53816921140045861e+03,1.99505515472859565e-13,1.71218151042194958e-14,-3.53902334498534037e+03,1.90513262492435612e+07,1.02078316651423642e-09
3.51562500000000000e-01,3.42923677028009797e+03,1.97892193638045776e-13,4.25777901979258452e-14,-3.43418436358746840e+03,1.84785788918595463e+07,9.14973302365292783e-10
3.59375000000000000e-01,3.32353268867624183e+03,1.96844403585489200e-13,2.42171587889406658e-14,-3.33237259974011249e+03,1.79238821237422973e+07,9.60740972058353044e-10
3.67187500000000000e-01,3.22096348279634094e+03,1.96378621213736985e-13,1.14023232593081205e-14,-3.23351666843370913e+03,1.73866942385659441e+07,9.17546400688579150e-10
3.75000000000000000e-01,3.12143789689913501e+03,1.96131758381782442e-13,-3.84180995005293889e-15,-3.13754546689359995e+03,1.68664906106502712e+07,9.30371469700709197e-10
3.82812500000000000e-01,3.02486689111549094e+03,1.96618734335615293e-13,1.39818277510651404e-15,-3.04438837349056121e+03,1.63627631853264701e+07,9.24681698365603896e-10
3.90625000000000000e-01,2.93116362355597494e+03,1.96044371958338285e-13,3.43161298956999430e-14,-2.95397541647269099e+03,1.58750199852099493e+07,8.69226753826362052e-10
3.98437500000000000e-01,2.84024342758594776e+03,1.94473976217134047e-13,6.05928610961677544e-14,-2.86623741630021686e+03,1.54027846319074426e+07,8.40581299548355878e-10
4.06250000000000000e-01,2.75202378503721138e+03,1.92257318139827801e-13,6.47849928225264721e-14,-2.78110610496628942e+03,1.49455958827053737e+07,8.29498629655416592e-10
4.14062500000000000e-01,2.66642429602555467e+03,1.90424914165726142e-13,5.75573077776703850e-14,-2.69851422531121352e+03,1.45030071818035264e+07,8.63405861094020582e-10
4.21875000000000000e-01,2.58336664595526054e+03,1.88659986403723402e-13,7.88608774665354863e-14,-2.61839561298774788e+03,1.40745862256724518e+07,8.12257645104973148e-10
4.29687500000000000e-01,2.50277457021382043e+03,1.85496109324067674e-13,9.26860980235697150e-14,-2.54068526341368124e+03,1.36599145421299208e+07,7.31200648926194783e-10
4.37500000000000000e-01,2.42457381699190546e+03,1.82867105277250294e-13,5.72054046262314211e-14,-2.46531938575531967e+03,1.32585870827452354e+07,8.24083322604253787e-10
4.45312500000000000e-01,2.34869210860411295e+03,1.81920771534928211e-13,6.22081491454736939e-14,-2.39223544572212268e+03,1.28702118281941861e+07,7.34095431675759963e-10
4.53125000000000000e-01,2.27505910163427279e+03,1.78979095955658189e-13,6.68491272822661952e-14,-2.32137219871739217e+03,1.24944094061960503e+07,7.78498327206927215e-10
4.60937500000000000e-01,2.20360634618427594e+03,1.77742701079786573e-13,1.05051798018877867e-13,-2.25266971468250267e+03,1.21308127216780540e+07,7.13271235313397827e-10
4.68750000000000000e-01,2.13426724446661638e+03,1.72413358579478322e-13,1.31262236533349453e-13,-2.18606939578986203e+03,1.17790665988238975e+07,6.37062925047890627e-10
4.76562500000000000e-01,2.06697700894740956e+03,1.69538811296452233e-13,1.00001119872439680e-13,-2.12151398798074297e+03,1.14388274346704260e+07,7.25791222181969372e-10
4.84375000000000000e-01,2.00167262021781994e+03,1.66163288587450842e-13,9.42017707916584098e-14,-2.05894758720673781e+03,1.11097628639279250e+07,6.83611807230983305e-10
4.92187500000000000e-01,1.93829278474698845e+03,1.63651200621973582e-13,1.00854355456929491e-13,-1.99831564111497937e+03,1.07915514347083867e+07,6.62898707369043596e-10
5.00000000000000000e-01,1.87677789264813373e+03,1.59859891371392749e-13,1.08030309641332136e-13,-1.93956494681568802e+03,1.04838822948559038e+07,6.65712846402438538e-10
5.07812500000000000e-01,1.81706997557100794e+03,1.56899306269390324e-13,1.19792515405915051e-13,-1.88264364528354417e+03,1.01864548885815851e+07,6.37102841135836583e-10
5.15625000000000000e-01,1.75911266481791222e+03,1.52372859158523058e-13,1.12574869556873467e-13,-1.82750121287020374e+03,9.89897866311439127e+06,6.11518319986293551e-10
5.23437500000000000e-01,1.70285114976662021e+03,1.49863376922085732e-13,8.23968992807922664e-14,-1.77408845034207843e+03,9.62117278508780524e+06,7.05227127565430119e-10
5.31250000000000000e-01,1.64823213667153232e+03,1.47223052953473541e-13,1.09681414213570879e-13,-1.72235746980361728e+03,9.35276586639087647e+06,5.88559279065054897e-10
5.39062500000000000e-01,1.59520380790389413e+03,1.43008288533737552e-13,1.15776742226971545e-13,-1.67226167982054540e+03,9.09349569922072254e+06,5.74670413588919034e-10
5.46875000000000000e-01,1.54371578168274823e+03,1.39987006564287820e-13,9.66456854350966087e-14,-1.62375576901824752e+03,8.84310900008139387e+06,6.45052971916558306e-10
5.54687500000000000e-01,1.49371907234025366e+03,1.36967933194044014e-13,1.11559663358892355e-13,-1.57679568839702551e+03,8.60136116248197854e+06,5.38235939722298204e-10
5.62500000000000000e-01,1.44516605115793413e+03,1.33014527604357048e-13,9.13491135653196729e-14,-1.53133863257727353e+03,8.36801601809553336e+06,5.87695535395390069e-10
5.70312500000000000e-01,1.39801040780417406e+03,1.31258613596211534e-13,8.02367973963668694e-14,-1.48734302016282891e+03,8.14284560614769533e+06,5.96519108525231255e-10
5.78125000000000000e-01,1.35220711239775733e+03,1.27999727767084118e-13,9.44794455199178107e-14,-1.44476847338931839e+03,7.92562995081121102e+06,5.13439583890294453e-10
5.85937500000000000e-01,1.30771237821734167e+03,1.25353648251216671e-13,7.98789407368143345e-14,-1.40357579720583090e+03,7.71615684639070369e+06,5.51776963529114006e-10
5.93750000000000000e-01,1.26448362507239290e+03,1.23007293971033222e-13,7.44729030903841720e-14,-1.36372695792202649e+03,7.51422165008910373e+06,5.33781075344654545e-10
6.01562500000000000e-01,1.22247944334721501e+03,1.20699091808067660e-13,7.94186716812824386e-14,-1.32518506153866110e+03,7.31962708215438295e+06,4.97398304057075164e-10
6.09375000000000000e-01,1.18165955872622658e+03,1.18043626990953070e-13,7.68034543520809485e-14,-1.28791433186711947e+03,7.13218303321237583e+06,5.00692601574860748e-10
6.17187500000000000e-01,1.14198479760552004e+03,1.15898875911062601e-13,7.71990740861102054e-14,-1.25188008853263818e+03,6.95170637859797291e+06,4.78546343596041153e-10
6.25000000000000000e-01,1.10341705319293669e+03,1.13218684860571182e-13,7.41520679306426912e-14,-1.21704872494636584e+03,6.77802079950436298e+06,4.79286610290008180e-10
6.32812500000000000e-01,1.06591925229637218e+03,1.11264371665397433e-13,7.68782109702865221e-14,-1.18338768632297433e+03,6.61095661077621952e+06,4.74664081851005498e-10
6.40625000000000000e-01,1.02945532279775080e+03,1.08413796674928274e-13,8.70828626267511966e-14,-1.15086544781305565e+03,6.45035059517865535e+06,4.23155847838332095e-10
6.48437500000000000e-01,9.93990161808056200e+02,1.05821692751225483e-13,7.40893673126452258e-14,-1.11945149281298291e+03,6.29604584398037475e+06,4.43992475167664648e-10
6.56250000000000000e-01,9.59489604496939364e+02,1.03783211217887948e-13,6.25327961141748187e-14,-1.08911629150920817e+03,6.14789160369659867e+06,4.44286710961824264e-10
6.64062500000000000e-01,9.25920393588730690e+02,1.01913392994089557e-13,6.49264075432316104e-14,-1.05983127970844544e+03,6.00574312884106115e+06,4.28180712071289539e-10
6.71875000000000000e-01,8.93250149515161525e+02,9.97253107464359722e-14,7.36459683092850859e-14,-1.03156883800040487e+03,5.86946154054320883e+06,4.09165153519966232e-10
6.79687500000000000e-01,8.61447341213705386e+02,9.73105199747592391e-14,7.72522193987254502e-14,-1.00430227129513150e+03,5.73891369089330733e+06,4.12816066732751140e-10
6.87500000000000000e-01,8.30481257559215805e+02,9.48970470340156316e-14,8.21825886006571440e-14,-9.78005788772059532e+02,5.61397203288153093e+06,4.02209147321182191e-10
6.95312500000000000e-01,8.00321979415451665e+02,9.21741081872181676e-14,8.71916460920789994e-14,-9.52654484272818081e+02,5.49451449580354337e+06,3.97642864658796866e-10
7.03125000000000000e-01,7.70940352292164675e+02,8.94475691532606941e-14,9.29721025626252855e-14,-9.28224317163974774e+02,5.38042436600974295e+06,3.87032002652613927e-10
7.10937500000000000e-01,7.42307959592703241e+02,8.63633517770540872e-14,9.29229418936716573e-14,-9.04692093688932800e+02,5.27159017288039625e+06,3.73256063012154044e-10
7.18750000000000000e-01,7.14397096436606375e+02,8.36398852849062155e-14,8.16180494701753633e-14,-8.82035448819642625e+02,5.16790557991358824e+06,4.01287320048076534e-10
7.26562500000000000e-01,6.87180744041475577e+02,8.12622236851681270e-14,8.39576916645488925e-14,-8.60232828608139243e+02,5.06926928081689216e+06,3.77779264171163109e-10
7.34375000000000000e-01,6.60632544648597673e+02,7.83925295558719097e-14,8.47860247735076214e-14,-8.39263473024937412e+02,4.97558490049917810e+06,3.56549267480672634e-10
7.42187500000000000e-01,6.34726776977416989e+02,7.59630971368239007e-14,7.19390332347940714e-14,-8.19107399255344717e+02,4.88676090086337738e+06,3.81388184090773042e-10
7.50000000000000000e-01,6.09438332195138628e+02,7.38963399786972803e-14,7.05408101995633443e-14,-7.99745385405676643e+02,4.80271049130492192e+06,3.60521823006872926e-10
7.57812500000000000e-01,5.84742690389562199e+02,7.15542964993511917e-14,7.19663613945503220e-14,-7.81158954549564442e+02,4.72335154382689856e+06,3.61237406821089513e-10
7.65625000000000000e-01,5.60615897535790850e+02,6.93984423915378851e-14,7.59261939926295670e-14,-7.63330359020314063e+02,4.64860651268770918e+06,3.49847935458763922e-10
7.73437500000000000e-01,5.37034542950792570e+02,6.68089093748118437e-14,7.69600645269234366e-14,-7.46242564830397896e+02,4.57840235850378685e+06,3.54007148685252170e-10
7.81250000000000000e-01,5.13975737233890982e+02,6.45884383586051704e-14,8.09990055056117557e-14,-7.29879236076158122e+02,4.51267047673759516e+06,3.50612193856752175e-10
7.89062500000000000e-01,4.91417090696032687e+02,6.17464715307111090e-14,8.44576546666475510e-14,-7.14224719168980300e+02,4.45134663051012903e+06,3.33396561169789399e-10
7.96875000000000000e-01,4.69336692285829713e+02,5.93098349419396984e-14,7.63933548991790816e-14,-6.99264026730181286e+02,4.39437088768901490e+06,3.65356751052250011e-10
8.04687500000000000e-01,4.47713089025396357e+02,5.69718868495124164e-14,8.08380954715216842e-14,-6.84982821004889047e+02,4.34168756221723836e+06,3.45409411359363449e-10
8.12500000000000000e-01,4.26525265973024148e+02,5.42574539749695932e-14,8.22793312410168776e-14,-6.71367396703524719e+02,4.29324515966563765e+06,3.45661286726609413e-10
8.20312500000000000e-01,4.05752626731426062e+02,5.18294286469488616e-14,7.69335071707227652e-14,-6.58404663286080904e+02,4.24899632701529656e+06,3.57324349880066880e-10
8.28125000000000000e-01,3.85374974517644091e+02,4.94491097767994203e-14,7.30896354928922246e-14,-6.46082126888978564e+02,4.20889780670693517e+06,3.61538652587463564e-10
8.35937500000000000e-01,3.65372493800864902e+02,4.72613264286430975e-14,7.38997411053420953e-14,-6.34387872392182544e+02,4.17291039503890835e+06,3.64705493920484184e-10
8.43750000000000000e-01,3.45725732493132682e+02,4.48303759577155394e-14,7.92748920017376419e-14,-6.23310546588582838e+02,4.14099890506402636e+06,3.57075166145923899e-10
8.51562500000000000e-01,3.26415584639078475e+02,4.23066456785344949e-14,7.99997863955554950e-14,-6.12839344133381019e+02,4.11313213424662687e+06,3.60124547748106554e-10
8.59375000000000000e-01,3.07423273484796368e+02,3.98303893079933209e-14,7.55057160813009765e-14,-6.02963999056350985e+02,4.08928283731563017e+06,3.72424751124996918e-10
8.67187500000000000e-01,2.88730334698056538e+02,3.75875384234531839e-14,7.33428634166525399e-14,-5.93674786328805567e+02,4.06942770498858579e+06,3.80756232592942949e-10
8.75000000000000000e-01,2.70318599339246020e+02,3.52464603444525372e-14,7.59576888827361847e-14,-5.84962540573199931e+02,4.05354734946973016e+06,3.78590179601650246e-10
8.82812500000000000e-01,2.52170175912231542e+02,3.28401828682821723e-14,7.54701465640936498e-14,-5.76818702714064784e+02,4.04162629749630112e+06,3.84232240355228140e-10
8.90625000000000000e-01,2.34267430419616971e+02,3.05295761841966841e-14,7.01542700227189518e-14,-5.69235409909406371e+02,4.03365299042969663e+06,3.96726699988400360e-10
8.98437500000000000e-01,2.16592962792893644e+02,2.84555409918622378e-14,6.58078961692595351e-14,-5.62205647543247323e+02,4.02961978628687002e+06,4.06666279019859450e-10
9.06250000000000000e-01,1.99129577448164014e+02,2.64165826736179631e-14,6.57754967461620495e-14,-5.55723478330031412e+02,4.02952294843396498e+06,4.13996104354794972e-10
9.14062500000000000e-01,1.81860245397266681e+02,2.43445724452271097e-14,6.81772085276303269e-14,-5.49784338707512688e+02,4.03336258142211661e+06,4.14498460109327046e-10
9.21875000000000000e-01,1.64768056278944471e+02,2.21555071406410677e-14,6.55360530307211355e-14,-5.44385318520113287e+02,4.04114244889196381e+06,4.29681677887651666e-10
9.29687500000000000e-01,1.47836162989759600e+02,2.02485691308070388e-14,6.32923883110945556e-14,-5.39525177519350109e+02,4.05286953509128466e+06,4.50888865586338593e-10
9.37500000000000000e-01,1.31047732683985089e+02,1.81997328711976580e-14,6.99023109518877184e-14,-5.35203550387050655e+02,4.06855334841535101e+06,4.42679498301944884e-10
9.45312500000000000e-01,1.14385941090568934e+02,1.58796746963140564e-14,7.06613508162466173e-14,-5.31418419474477105e+02,4.08820465908188093e+06,4.62405927073493541e-10
9.53125000000000000e-01,9.78340814668302698e+01,1.37833984451822444e-14,7.10013382992538157e-14,-5.28160613866132508e+02,4.11183584695348050e+06,4.78648529811993182e-10
9.60937500000000000e-01,8.13759027239356527e+01,1.14420910526106929e-14,7.52580221304373198e-14,-5.25405293027415610e+02,4.13945989034062810e+06,4.77543113382272647e-10
9.68750000000000000e-01,6.49962506526167942e+01,9.07977206202991191e-15,7.41388720525679628e-14,-5.23103180571861799e+02,4.17111391741321422e+06,4.96698254860414236e-10
9.76562500000000000e-01,4.86819539381942903e+01,6.80841154932519521e-15,7.26755831077344492e-14,-5.21190995182086226e+02,4.20684409816021752e+06,5.11144647327039975e-10
9.84375000000000000e-01,3.24218134537364051e+01,4.53754811779650884e-15,7.33741504501599207e-14,-5.19648734408222481e+02,4.24695018384372257e+06,5.20257379689691809e-10
9.92187500000000000e-01,1.62039080376803817e+01,2.22252714619020056e-15,7.26007698847441414e-14,-5.18749015259782482e+02,4.29146815748763736e+06,5.28658940196099548e-10
1.00000000000000000e+00,0.00000000000000000e+00,0.00000000000000000e+00,6.96409674714286947e-14,-5.18301099151761946e+02,4.33287345151049644e+06,5.89992675239359983e-10
