# Digitized from Figure 2 of Brantley & Novellino, M&C 2025 (E3D_paper.pdf).
# Produced by extract_paper_figure2.py directly from the PDF vector paths;
# values are the plotted polyline vertices, not hand-read from the image.
# Transmission comes from panel (a) and reflection from panel (b); the two
# panels use different time grids, so each curve is resampled onto the union
# of its grids by linear interpolation in log(time).
model,time_s,transmission,reflection
Benchmark,1.000000e-11,0.000033,0.013153
Benchmark,1.050578e-11,0.000035,0.015515
Benchmark,1.129210e-11,0.000038,0.019676
Benchmark,1.214788e-11,0.000040,0.024622
Benchmark,1.307995e-11,0.000042,0.030462
Benchmark,1.409588e-11,0.000045,0.037166
Benchmark,1.520323e-11,0.000048,0.044869
Benchmark,1.640976e-11,0.000050,0.053388
Benchmark,1.772521e-11,0.000053,0.062904
Benchmark,1.915811e-11,0.000055,0.073259
Benchmark,2.071915e-11,0.000058,0.084465
Benchmark,2.241811e-11,0.000061,0.096423
Benchmark,2.426799e-11,0.000063,0.109216
Benchmark,2.628394e-11,0.000066,0.122730
Benchmark,2.848290e-11,0.000069,0.137154
Benchmark,3.088873e-11,0.000071,0.152509
Benchmark,3.352987e-11,0.000074,0.168859
Benchmark,3.353006e-11,0.000074,0.168861
Benchmark,3.643472e-11,0.001206,0.186398
Benchmark,3.963038e-11,0.002351,0.205046
Benchmark,4.314550e-11,0.002936,0.225029
Benchmark,4.314605e-11,0.002936,0.225033
Benchmark,4.701253e-11,0.003245,0.246098
Benchmark,4.701275e-11,0.003245,0.246100
Benchmark,5.126554e-11,0.003436,0.268121
Benchmark,6.109084e-11,0.003824,0.314437
Benchmark,7.298013e-11,0.004217,0.361746
Benchmark,7.983008e-11,0.004550,0.385614
Benchmark,8.736492e-11,0.004884,0.408833
Benchmark,9.565407e-11,0.005368,0.432168
Benchmark,1.047710e-10,0.005853,0.454895
Benchmark,1.047716e-10,0.005853,0.454896
Benchmark,1.148002e-10,0.006480,0.476965
Benchmark,1.258312e-10,0.007235,0.498508
Benchmark,1.258326e-10,0.007236,0.498511
Benchmark,1.379677e-10,0.008148,0.519515
Benchmark,1.379683e-10,0.008148,0.519516
Benchmark,1.513165e-10,0.009223,0.539838
Benchmark,1.513173e-10,0.009223,0.539839
Benchmark,1.659994e-10,0.010559,0.559449
Benchmark,1.660000e-10,0.010559,0.559450
Benchmark,1.821514e-10,0.012200,0.578519
Benchmark,1.821522e-10,0.012200,0.578520
Benchmark,1.999194e-10,0.014262,0.596865
Benchmark,1.999210e-10,0.014262,0.596867
Benchmark,2.194641e-10,0.016869,0.614449
Benchmark,2.409611e-10,0.020238,0.631476
Benchmark,2.409641e-10,0.020238,0.631478
Benchmark,2.646111e-10,0.024609,0.647894
Benchmark,2.646122e-10,0.024609,0.647895
Benchmark,2.906225e-10,0.030364,0.663527
Benchmark,2.906243e-10,0.030364,0.663528
Benchmark,3.192378e-10,0.037946,0.678626
Benchmark,3.192409e-10,0.037947,0.678627
Benchmark,3.507161e-10,0.047923,0.693070
Benchmark,3.507175e-10,0.047923,0.693071
Benchmark,3.853365e-10,0.060885,0.706996
Benchmark,3.853395e-10,0.060886,0.706997
Benchmark,4.234235e-10,0.077146,0.720107
Benchmark,4.234250e-10,0.077147,0.720107
Benchmark,4.653194e-10,0.096420,0.732665
Benchmark,4.653218e-10,0.096422,0.732666
Benchmark,5.114069e-10,0.117466,0.744444
Benchmark,5.620941e-10,0.138526,0.755286
Benchmark,5.620962e-10,0.138526,0.755286
Benchmark,6.178563e-10,0.157486,0.765008
Benchmark,6.178598e-10,0.157487,0.765008
Benchmark,6.791952e-10,0.172818,0.773287
Benchmark,6.791968e-10,0.172818,0.773287
Benchmark,7.466676e-10,0.184111,0.779869
Benchmark,7.466720e-10,0.184112,0.779870
Benchmark,8.208796e-10,0.191925,0.784946
Benchmark,8.208905e-10,0.191926,0.784946
Benchmark,9.025233e-10,0.197135,0.788681
Benchmark,9.025346e-10,0.197135,0.788681
Benchmark,9.923349e-10,0.200478,0.791088
Benchmark,1.091120e-09,0.202532,0.792714
Benchmark,1.191123e-09,0.203734,0.793483
Benchmark,1.291112e-09,0.204407,0.794189
Benchmark,1.291116e-09,0.204408,0.794189
Benchmark,1.391119e-09,0.204728,0.794335
Benchmark,1.591108e-09,0.205074,0.794597
Benchmark,1.791121e-09,0.205121,0.794828
Benchmark,1.991115e-09,0.205163,0.794804
Benchmark,2.191124e-09,0.205163,0.794782
Benchmark,2.291087e-09,0.205171,0.794772
Benchmark,2.791104e-09,0.205203,0.794787
Benchmark,3.291077e-09,0.205199,0.794800
Benchmark,3.491062e-09,0.205197,0.794800
Benchmark,4.991045e-09,0.205187,0.794818
Benchmark,5.000000e-09,0.205187,0.794820
Atomic Mix,1.000000e-11,0.000016,0.150785
Atomic Mix,1.031851e-11,0.000016,0.156799
Atomic Mix,1.231338e-11,0.000019,0.191993
Atomic Mix,1.933053e-11,0.000027,0.283970
Atomic Mix,2.321776e-11,0.000030,0.320177
Atomic Mix,2.792168e-11,0.000033,0.355358
Atomic Mix,3.689205e-11,0.000037,0.407506
Atomic Mix,4.446757e-11,0.000040,0.443097
Atomic Mix,5.363398e-11,0.000043,0.480537
Atomic Mix,5.891482e-11,0.000045,0.499017
Atomic Mix,6.472516e-11,0.000046,0.518952
Atomic Mix,9.438256e-11,0.000053,0.593531
Atomic Mix,1.037388e-10,0.000054,0.611535
Atomic Mix,1.253527e-10,0.000057,0.645482
Atomic Mix,1.378062e-10,0.000059,0.661754
Atomic Mix,1.515047e-10,0.000060,0.677127
Atomic Mix,1.665730e-10,0.000062,0.691841
Atomic Mix,1.831484e-10,0.000063,0.706072
Atomic Mix,1.831490e-10,0.000063,0.706072
Atomic Mix,2.013814e-10,0.000106,0.719593
Atomic Mix,2.214392e-10,0.000149,0.732434
Atomic Mix,2.434995e-10,0.000192,0.744877
Atomic Mix,2.677657e-10,0.000235,0.756932
Atomic Mix,2.677681e-10,0.000235,0.756933
Atomic Mix,2.944655e-10,0.000363,0.767980
Atomic Mix,3.238284e-10,0.000492,0.778550
Atomic Mix,3.561284e-10,0.000737,0.789123
Atomic Mix,3.561303e-10,0.000737,0.789124
Atomic Mix,3.916575e-10,0.001135,0.799057
Atomic Mix,3.916586e-10,0.001135,0.799057
Atomic Mix,4.307421e-10,0.001802,0.807977
Atomic Mix,4.737357e-10,0.002958,0.816898
Atomic Mix,4.737369e-10,0.002958,0.816898
Atomic Mix,5.210237e-10,0.005053,0.825607
Atomic Mix,5.210296e-10,0.005054,0.825608
Atomic Mix,5.730504e-10,0.009046,0.833861
Atomic Mix,5.730526e-10,0.009046,0.833862
Atomic Mix,6.302727e-10,0.016741,0.841310
Atomic Mix,6.932119e-10,0.028022,0.848759
Atomic Mix,7.624569e-10,0.039306,0.855629
Atomic Mix,8.386228e-10,0.051317,0.862499
Atomic Mix,9.223964e-10,0.064454,0.868267
Atomic Mix,1.014556e-09,0.077181,0.874361
Atomic Mix,1.014564e-09,0.077182,0.874361
Atomic Mix,1.114559e-09,0.087490,0.878753
Atomic Mix,1.214555e-09,0.094468,0.882767
Atomic Mix,1.214561e-09,0.094468,0.882767
Atomic Mix,1.314552e-09,0.098986,0.885057
Atomic Mix,1.414564e-09,0.101975,0.887179
Atomic Mix,1.514561e-09,0.103988,0.888411
Atomic Mix,1.614556e-09,0.105322,0.889563
Atomic Mix,1.614564e-09,0.105322,0.889563
Atomic Mix,1.714554e-09,0.106232,0.890157
Atomic Mix,1.814552e-09,0.106874,0.890718
Atomic Mix,1.914532e-09,0.107292,0.891248
Atomic Mix,1.914543e-09,0.107292,0.891248
Atomic Mix,2.114556e-09,0.107730,0.891474
Atomic Mix,2.314534e-09,0.107919,0.891927
Atomic Mix,2.414563e-09,0.108007,0.891439
Atomic Mix,2.514551e-09,0.108092,0.891848
Atomic Mix,2.614540e-09,0.108080,0.891512
Atomic Mix,2.614556e-09,0.108080,0.891512
Atomic Mix,2.814557e-09,0.108240,0.891816
Atomic Mix,2.914550e-09,0.108236,0.891960
Atomic Mix,3.214539e-09,0.108224,0.891718
Atomic Mix,3.314519e-09,0.108220,0.891871
Atomic Mix,3.414557e-09,0.108217,0.891713
Atomic Mix,3.614526e-09,0.108210,0.891846
Atomic Mix,3.714523e-09,0.108207,0.891678
Atomic Mix,3.714537e-09,0.108207,0.891678
Atomic Mix,3.814538e-09,0.108217,0.891899
Atomic Mix,3.914523e-09,0.108228,0.891632
Atomic Mix,4.114514e-09,0.108248,0.891683
Atomic Mix,4.414509e-09,0.108184,0.891754
Atomic Mix,4.514529e-09,0.108184,0.891777
Atomic Mix,4.614506e-09,0.108183,0.891581
Atomic Mix,4.614547e-09,0.108183,0.891581
Atomic Mix,4.714533e-09,0.108177,0.891963
Atomic Mix,4.814512e-09,0.108171,0.891839
Atomic Mix,4.914557e-09,0.108169,0.891718
Atomic Mix,5.000000e-09,0.108168,0.891834
CLS LP,1.000000e-11,0.000008,0.034407
CLS LP,1.049678e-11,0.000008,0.036850
CLS LP,1.231175e-11,0.000009,0.045852
CLS LP,1.445152e-11,0.000011,0.056253
CLS LP,1.566676e-11,0.000011,0.061954
CLS LP,1.699568e-11,0.000012,0.068301
CLS LP,1.845314e-11,0.000013,0.075323
CLS LP,2.005312e-11,0.000013,0.083147
CLS LP,2.181344e-11,0.000014,0.091695
CLS LP,2.374981e-11,0.000015,0.101130
CLS LP,2.587985e-11,0.000015,0.111662
CLS LP,2.822278e-11,0.000016,0.123078
CLS LP,3.079967e-11,0.000017,0.135581
CLS LP,3.363465e-11,0.000017,0.149237
CLS LP,3.363480e-11,0.000017,0.149238
CLS LP,3.675295e-11,0.001915,0.164084
CLS LP,4.018351e-11,0.003825,0.179955
CLS LP,4.395671e-11,0.004690,0.197066
CLS LP,4.395684e-11,0.004690,0.197067
CLS LP,4.810738e-11,0.005468,0.215696
CLS LP,4.810751e-11,0.005468,0.215697
CLS LP,5.267269e-11,0.005953,0.235357
CLS LP,5.769485e-11,0.006440,0.255768
CLS LP,6.321990e-11,0.006929,0.277034
CLS LP,7.598059e-11,0.007912,0.321355
CLS LP,7.598122e-11,0.007912,0.321357
CLS LP,8.333423e-11,0.008490,0.344218
CLS LP,9.142310e-11,0.009219,0.367145
CLS LP,1.003200e-10,0.010044,0.390128
CLS LP,1.101063e-10,0.011100,0.413164
CLS LP,1.208726e-10,0.012289,0.435494
CLS LP,1.327135e-10,0.013747,0.457864
CLS LP,1.457396e-10,0.015558,0.479774
CLS LP,1.457411e-10,0.015558,0.479776
CLS LP,1.600704e-10,0.017771,0.500451
CLS LP,1.758319e-10,0.020461,0.521156
CLS LP,1.931687e-10,0.023833,0.541887
CLS LP,1.931691e-10,0.023833,0.541888
CLS LP,2.122413e-10,0.028077,0.561370
CLS LP,2.122428e-10,0.028077,0.561371
CLS LP,2.332194e-10,0.033484,0.580359
CLS LP,2.332201e-10,0.033484,0.580359
CLS LP,2.562984e-10,0.040486,0.598028
CLS LP,2.816802e-10,0.049710,0.615710
CLS LP,2.816842e-10,0.049711,0.615713
CLS LP,3.096036e-10,0.061808,0.632626
CLS LP,3.096069e-10,0.061809,0.632628
CLS LP,3.403221e-10,0.077707,0.648884
CLS LP,3.741068e-10,0.097472,0.664356
CLS LP,3.741090e-10,0.097474,0.664357
CLS LP,4.112752e-10,0.120287,0.679317
CLS LP,4.112766e-10,0.120288,0.679318
CLS LP,4.521586e-10,0.144599,0.693513
CLS LP,4.971290e-10,0.168923,0.706176
CLS LP,5.465910e-10,0.190602,0.717878
CLS LP,5.465925e-10,0.190603,0.717878
CLS LP,6.010060e-10,0.207969,0.728250
CLS LP,6.010122e-10,0.207971,0.728251
CLS LP,6.608647e-10,0.220576,0.736404
CLS LP,6.608689e-10,0.220577,0.736404
CLS LP,7.267006e-10,0.229546,0.742615
CLS LP,7.267024e-10,0.229546,0.742615
CLS LP,7.991331e-10,0.235504,0.747212
CLS LP,8.788023e-10,0.239507,0.750159
CLS LP,9.664307e-10,0.241857,0.752385
CLS LP,9.664405e-10,0.241857,0.752385
CLS LP,1.062830e-09,0.243388,0.753382
CLS LP,1.162824e-09,0.244307,0.754324
CLS LP,1.162839e-09,0.244307,0.754324
CLS LP,1.362827e-09,0.244926,0.754540
CLS LP,1.362836e-09,0.244926,0.754540
CLS LP,1.462824e-09,0.245020,0.754833
CLS LP,1.562837e-09,0.245108,0.754759
CLS LP,1.662828e-09,0.245139,0.754690
CLS LP,1.762826e-09,0.245168,0.755029
CLS LP,1.862831e-09,0.245196,0.754639
CLS LP,1.962836e-09,0.245223,0.754861
CLS LP,2.062825e-09,0.245248,0.754611
CLS LP,2.162814e-09,0.245272,0.754820
CLS LP,2.262815e-09,0.245164,0.755018
CLS LP,2.262833e-09,0.245164,0.755019
CLS LP,2.362808e-09,0.245182,0.754726
CLS LP,2.362829e-09,0.245182,0.754726
CLS LP,2.462837e-09,0.245040,0.754888
CLS LP,2.562811e-09,0.245163,0.755044
CLS LP,2.562817e-09,0.245163,0.755044
CLS LP,2.662815e-09,0.245071,0.754716
CLS LP,2.662825e-09,0.245071,0.754716
CLS LP,2.862818e-09,0.245215,0.754866
CLS LP,2.862829e-09,0.245215,0.754866
CLS LP,3.062831e-09,0.245080,0.754879
CLS LP,3.162820e-09,0.245185,0.754886
CLS LP,3.662828e-09,0.245131,0.754915
CLS LP,3.862802e-09,0.245222,0.754926
CLS LP,3.962816e-09,0.245151,0.754931
CLS LP,4.062824e-09,0.245324,0.754936
CLS LP,4.162802e-09,0.245104,0.754941
CLS LP,4.262822e-09,0.245023,0.754946
CLS LP,4.362831e-09,0.245203,0.754950
CLS LP,4.462821e-09,0.245115,0.754955
CLS LP,4.562794e-09,0.245254,0.754959
CLS LP,4.762795e-09,0.245165,0.754968
CLS LP,4.862808e-09,0.245196,0.754972
CLS LP,5.000000e-09,0.245098,0.754978
CLS LRP,1.000000e-11,0.000013,0.034733
CLS LRP,1.137101e-11,0.000015,0.041568
CLS LRP,1.334176e-11,0.000017,0.051492
CLS LRP,1.567581e-11,0.000019,0.063121
CLS LRP,1.700885e-11,0.000020,0.069793
CLS LRP,1.847052e-11,0.000022,0.077157
CLS LRP,2.007829e-11,0.000023,0.085218
CLS LRP,2.184656e-11,0.000024,0.094323
CLS LRP,2.379178e-11,0.000025,0.104145
CLS LRP,2.593155e-11,0.000026,0.115097
CLS LRP,2.828524e-11,0.000027,0.127027
CLS LRP,3.087396e-11,0.000029,0.140034
CLS LRP,3.372191e-11,0.000030,0.154021
CLS LRP,3.685470e-11,0.002040,0.169334
CLS LRP,3.685495e-11,0.002040,0.169335
CLS LRP,4.030041e-11,0.003879,0.185714
CLS LRP,4.030078e-11,0.003879,0.185715
CLS LRP,4.409129e-11,0.004720,0.203583
CLS LRP,4.826098e-11,0.005565,0.222195
CLS LRP,4.826112e-11,0.005565,0.222196
CLS LRP,5.284749e-11,0.005968,0.242244
CLS LRP,5.284771e-11,0.005968,0.242245
CLS LRP,5.789271e-11,0.006505,0.262987
CLS LRP,5.789326e-11,0.006505,0.262989
CLS LRP,6.344255e-11,0.006930,0.284563
CLS LRP,6.954775e-11,0.007357,0.307248
CLS LRP,7.626260e-11,0.007865,0.330004
CLS LRP,7.626321e-11,0.007865,0.330006
CLS LRP,8.364992e-11,0.008466,0.353028
CLS LRP,9.177487e-11,0.009163,0.376112
CLS LRP,1.007133e-10,0.009954,0.399256
CLS LRP,1.105449e-10,0.010949,0.422451
CLS LRP,1.213592e-10,0.012094,0.445325
CLS LRP,1.213597e-10,0.012094,0.445326
CLS LRP,1.332565e-10,0.013504,0.467418
CLS LRP,1.463422e-10,0.015221,0.489547
CLS LRP,1.607387e-10,0.017330,0.510465
CLS LRP,1.765723e-10,0.019886,0.531409
CLS LRP,1.765727e-10,0.019886,0.531410
CLS LRP,1.939890e-10,0.023060,0.551593
CLS LRP,1.939903e-10,0.023060,0.551594
CLS LRP,2.131493e-10,0.027052,0.570482
CLS LRP,2.342246e-10,0.032135,0.589390
CLS LRP,2.342260e-10,0.032135,0.589391
CLS LRP,2.574069e-10,0.038697,0.607538
CLS LRP,2.574086e-10,0.038698,0.607539
CLS LRP,2.829080e-10,0.047177,0.624930
CLS LRP,2.829100e-10,0.047178,0.624931
CLS LRP,3.109593e-10,0.058383,0.641632
CLS LRP,3.109604e-10,0.058384,0.641633
CLS LRP,3.418167e-10,0.072829,0.657256
CLS LRP,3.757591e-10,0.090732,0.672890
CLS LRP,3.757609e-10,0.090733,0.672891
CLS LRP,4.130921e-10,0.111595,0.687796
CLS LRP,4.130965e-10,0.111598,0.687797
CLS LRP,4.541660e-10,0.134578,0.701020
CLS LRP,4.993414e-10,0.157956,0.714250
CLS LRP,4.993427e-10,0.157956,0.714250
CLS LRP,5.490395e-10,0.179277,0.725682
CLS LRP,6.036969e-10,0.196565,0.736254
CLS LRP,6.037041e-10,0.196567,0.736255
CLS LRP,6.638259e-10,0.209673,0.744416
CLS LRP,6.638351e-10,0.209675,0.744417
CLS LRP,7.299699e-10,0.218866,0.750835
CLS LRP,7.299733e-10,0.218866,0.750836
CLS LRP,8.027289e-10,0.225373,0.755390
CLS LRP,8.027397e-10,0.225374,0.755390
CLS LRP,8.827699e-10,0.229605,0.758805
CLS LRP,9.708027e-10,0.232325,0.761262
CLS LRP,9.708092e-10,0.232325,0.761262
CLS LRP,1.067653e-09,0.233783,0.762380
CLS LRP,1.167651e-09,0.234717,0.763433
CLS LRP,1.267641e-09,0.235161,0.763583
CLS LRP,1.367652e-09,0.235397,0.763722
CLS LRP,1.467652e-09,0.235723,0.763851
CLS LRP,1.667644e-09,0.235724,0.764085
CLS LRP,1.767633e-09,0.235851,0.764191
CLS LRP,1.767650e-09,0.235851,0.764191
CLS LRP,1.867633e-09,0.235867,0.763975
CLS LRP,1.967635e-09,0.235881,0.764267
CLS LRP,2.067633e-09,0.235926,0.764200
CLS LRP,2.167639e-09,0.235796,0.764135
CLS LRP,2.267616e-09,0.235778,0.764074
CLS LRP,2.367641e-09,0.235761,0.764182
CLS LRP,2.467647e-09,0.235900,0.764285
CLS LRP,2.567636e-09,0.235834,0.764176
CLS LRP,2.667615e-09,0.235876,0.764071
CLS LRP,2.667629e-09,0.235876,0.764071
CLS LRP,2.867646e-09,0.235754,0.764103
CLS LRP,2.967648e-09,0.235830,0.764117
CLS LRP,3.067630e-09,0.235709,0.764118
CLS LRP,3.167620e-09,0.235867,0.764120
CLS LRP,3.367621e-09,0.235853,0.764122
CLS LRP,3.567636e-09,0.235848,0.764124
CLS LRP,3.667638e-09,0.235836,0.764125
CLS LRP,3.767627e-09,0.235677,0.764126
CLS LRP,3.867645e-09,0.235695,0.764127
CLS LRP,3.967641e-09,0.235848,0.764128
CLS LRP,4.167611e-09,0.235848,0.764130
CLS LRP,4.167642e-09,0.235848,0.764130
CLS LRP,4.267579e-09,0.235955,0.763804
CLS LRP,4.267596e-09,0.235955,0.763804
CLS LRP,4.367612e-09,0.235844,0.764147
CLS LRP,4.467608e-09,0.235981,0.764481
CLS LRP,4.567574e-09,0.235875,0.764061
CLS LRP,4.567629e-09,0.235874,0.764061
CLS LRP,4.667644e-09,0.236006,0.764037
CLS LRP,4.767575e-09,0.235916,0.764013
CLS LRP,4.867574e-09,0.235828,0.764224
CLS LRP,4.867613e-09,0.235828,0.764224
CLS LRP,4.967631e-09,0.235875,0.763878
CLS LRP,5.000000e-09,0.235891,0.763995
LRP Ramp+Exp,1.000000e-11,-0.000001,0.037095
LRP Ramp+Exp,1.082804e-11,-0.000001,0.041866
LRP Ramp+Exp,1.172078e-11,-0.000001,0.047006
LRP Ramp+Exp,1.269380e-11,-0.000001,0.052686
LRP Ramp+Exp,1.492484e-11,-0.000001,0.066272
LRP Ramp+Exp,1.620873e-11,-0.000001,0.074148
LRP Ramp+Exp,1.762079e-11,-0.000001,0.082798
LRP Ramp+Exp,1.917422e-11,-0.000001,0.092677
LRP Ramp+Exp,2.088322e-11,-0.000001,0.103540
LRP Ramp+Exp,2.276253e-11,-0.000001,0.115013
LRP Ramp+Exp,2.483023e-11,-0.000001,0.127618
LRP Ramp+Exp,2.710453e-11,-0.000001,0.141255
LRP Ramp+Exp,2.960620e-11,-0.000001,0.155942
LRP Ramp+Exp,3.235845e-11,-0.000001,0.171490
LRP Ramp+Exp,3.538536e-11,0.000444,0.187764
LRP Ramp+Exp,3.871514e-11,0.001791,0.205229
LRP Ramp+Exp,3.871549e-11,0.001791,0.205231
LRP Ramp+Exp,4.237780e-11,0.002332,0.223658
LRP Ramp+Exp,4.237841e-11,0.002332,0.223661
LRP Ramp+Exp,4.640693e-11,0.002746,0.243077
LRP Ramp+Exp,4.640739e-11,0.002746,0.243079
LRP Ramp+Exp,5.083924e-11,0.003011,0.263653
LRP Ramp+Exp,5.571422e-11,0.003276,0.284841
LRP Ramp+Exp,6.107771e-11,0.003543,0.306844
LRP Ramp+Exp,7.346503e-11,0.004079,0.352559
LRP Ramp+Exp,8.060306e-11,0.004481,0.375515
LRP Ramp+Exp,8.845516e-11,0.004884,0.398738
LRP Ramp+Exp,9.709126e-11,0.005370,0.422010
LRP Ramp+Exp,9.709167e-11,0.005370,0.422011
LRP Ramp+Exp,1.170421e-10,0.006652,0.467289
LRP Ramp+Exp,1.170430e-10,0.006652,0.467290
LRP Ramp+Exp,1.285384e-10,0.007544,0.489195
LRP Ramp+Exp,1.411831e-10,0.008576,0.510264
LRP Ramp+Exp,1.550941e-10,0.009857,0.531364
LRP Ramp+Exp,1.703927e-10,0.011440,0.551709
LRP Ramp+Exp,1.703944e-10,0.011440,0.551711
LRP Ramp+Exp,1.872242e-10,0.013377,0.571223
LRP Ramp+Exp,1.872254e-10,0.013377,0.571224
LRP Ramp+Exp,2.057377e-10,0.015837,0.589951
LRP Ramp+Exp,2.057387e-10,0.015837,0.589952
LRP Ramp+Exp,2.261029e-10,0.019006,0.608111
LRP Ramp+Exp,2.485041e-10,0.023103,0.625692
LRP Ramp+Exp,2.731474e-10,0.028475,0.642325
LRP Ramp+Exp,3.002502e-10,0.035652,0.658334
LRP Ramp+Exp,3.002528e-10,0.035652,0.658336
LRP Ramp+Exp,3.300690e-10,0.045395,0.673911
LRP Ramp+Exp,3.300717e-10,0.045396,0.673912
LRP Ramp+Exp,3.628668e-10,0.058460,0.688913
LRP Ramp+Exp,3.628693e-10,0.058461,0.688914
LRP Ramp+Exp,3.989433e-10,0.075158,0.702983
LRP Ramp+Exp,3.989454e-10,0.075159,0.702984
LRP Ramp+Exp,4.386290e-10,0.094707,0.716351
LRP Ramp+Exp,4.386345e-10,0.094709,0.716353
LRP Ramp+Exp,4.822858e-10,0.116005,0.729142
LRP Ramp+Exp,4.822890e-10,0.116007,0.729143
LRP Ramp+Exp,5.303052e-10,0.137935,0.740821
LRP Ramp+Exp,5.303080e-10,0.137936,0.740821
LRP Ramp+Exp,5.831259e-10,0.158486,0.751869
LRP Ramp+Exp,5.831288e-10,0.158487,0.751869
LRP Ramp+Exp,6.412271e-10,0.175350,0.761303
LRP Ramp+Exp,6.412339e-10,0.175352,0.761304
LRP Ramp+Exp,7.051427e-10,0.187825,0.768929
LRP Ramp+Exp,7.051456e-10,0.187826,0.768929
LRP Ramp+Exp,7.754527e-10,0.196901,0.775099
LRP Ramp+Exp,7.754557e-10,0.196901,0.775099
LRP Ramp+Exp,8.527863e-10,0.202767,0.779551
LRP Ramp+Exp,8.527899e-10,0.202767,0.779551
LRP Ramp+Exp,9.378528e-10,0.206902,0.782409
LRP Ramp+Exp,9.378626e-10,0.206903,0.782409
LRP Ramp+Exp,1.031435e-09,0.209288,0.784668
LRP Ramp+Exp,1.031439e-09,0.209288,0.784668
LRP Ramp+Exp,1.131433e-09,0.210751,0.785661
LRP Ramp+Exp,1.231430e-09,0.211535,0.786569
LRP Ramp+Exp,1.331437e-09,0.212025,0.787037
LRP Ramp+Exp,1.331441e-09,0.212025,0.787037
LRP Ramp+Exp,1.431426e-09,0.212382,0.787045
LRP Ramp+Exp,1.431440e-09,0.212382,0.787045
LRP Ramp+Exp,1.531442e-09,0.212406,0.787345
LRP Ramp+Exp,1.631438e-09,0.212429,0.787336
LRP Ramp+Exp,1.831432e-09,0.212690,0.787320
LRP Ramp+Exp,1.931420e-09,0.212629,0.787312
LRP Ramp+Exp,2.131432e-09,0.212706,0.787298
LRP Ramp+Exp,2.231433e-09,0.212570,0.787292
LRP Ramp+Exp,2.431428e-09,0.212754,0.787280
LRP Ramp+Exp,2.631421e-09,0.212684,0.787268
LRP Ramp+Exp,2.731430e-09,0.212773,0.787263
LRP Ramp+Exp,2.931429e-09,0.212599,0.787253
LRP Ramp+Exp,3.031429e-09,0.212683,0.787248
LRP Ramp+Exp,3.231412e-09,0.212700,0.787239
LRP Ramp+Exp,3.631383e-09,0.212703,0.787223
LRP Ramp+Exp,3.731419e-09,0.212704,0.787666
LRP Ramp+Exp,3.731428e-09,0.212704,0.787666
LRP Ramp+Exp,3.831388e-09,0.212754,0.787190
LRP Ramp+Exp,3.931404e-09,0.212804,0.787240
LRP Ramp+Exp,4.031394e-09,0.212656,0.787289
LRP Ramp+Exp,4.031414e-09,0.212656,0.787289
LRP Ramp+Exp,4.131392e-09,0.212814,0.787088
LRP Ramp+Exp,4.131420e-09,0.212814,0.787088
LRP Ramp+Exp,4.331427e-09,0.212576,0.787431
LRP Ramp+Exp,4.431393e-09,0.212754,0.787374
LRP Ramp+Exp,4.531396e-09,0.212723,0.787317
LRP Ramp+Exp,4.731418e-09,0.212664,0.787362
LRP Ramp+Exp,5.000000e-09,0.212662,0.787420
