# DIMC vector paths extracted from arXiv:2108.13453v2, Figure 9(a), page 12.
# x(cm), T_gas(keV), T_rad(keV), rho(g/cc), vx(cm/s)
# Reproduce with extract_fig9a.py; no smoothing, fitting, or imposed values.
-0.1900047846,0.1220003612,0.1216054342,1.000086743,-311.5339576
-0.1899069767,0.1219909286,0.1216491355,1.000163761,-415.3786101
-0.1896314761,0.1220089284,0.1214589556,1.000176742,-623.0679151
-0.1893559755,0.1220115245,0.1223704231,1.000240779,-0
-0.1890805505,0.1220183321,0.1223515869,1.000138233,302.8802365
-0.1888049726,0.122016659,0.1218350463,1.000112272,588.453031
-0.1885295476,0.1220140629,0.1208447433,1.000138233,692.2976835
-0.1882540469,0.1220183321,0.1213981487,1.000125252,692.2976835
-0.1879780199,0.1220063611,0.1210914609,1.000176742,484.6083784
-0.1877025192,0.1220097937,0.121934391,1.000125252,-0
-0.18742698,0.1220217936,0.1214658208,1.000009292,-311.5339576
-0.1871514777,0.1220269281,0.1234009948,1.000022273,-311.5339576
-0.1868759771,0.1220200628,0.1222548094,1.000163761,-623.0679151
-0.1866005521,0.1220534662,0.1224132879,1.000009292,-0
-0.1863249742,0.1220449279,0.1196899619,1.000086743,302.8802365
-0.1860495492,0.1220449279,0.1201516956,1.000215251,-415.3786101
-0.1857740502,0.1220731967,0.1202665016,1.000099724,-1211.520946
-0.1854985479,0.1220697352,0.1229949333,1.00025376,-1799.973977
-0.185223028,0.1220688987,0.1216697025,1.000382268,-2319.19724
-0.184947537,0.122096331,0.1225520359,1.000369287,-3426.873533
-0.1846720444,0.1221160037,0.1233170248,1.000510776,-5841.261704
-0.1843965518,0.1221451379,0.1219575253,1.000742263,-8636.413601
-0.1841210624,0.1222179446,0.1206828322,1.000600342,-11362.33573
-0.1838454764,0.1222710784,0.1228227531,1.000716301,-14062.2967
-0.183570557,0.122386721,0.1235423389,1.000626303,-18692.03745
-0.1832949678,0.1224706621,0.121038327,1.000870338,-23079.47402
-0.1830195718,0.1226334386,0.1240452066,1.00085779,-30123.60295
-0.1827444656,0.1227696481,0.125897276,1.001255861,-37937.91305
-0.182468973,0.1229700972,0.1246637169,1.001474367,-48296.41714
-0.1821934804,0.1231868152,0.1249446744,1.001924361,-59425.1024
-0.1819190407,0.123462667,0.1265903237,1.002361374,-73374.90073
-0.1816445044,0.1238036236,0.1269038768,1.002527958,-87740.07766
-0.1813694915,0.1241428783,0.129279381,1.003221986,-105298.4777
-0.1810944787,0.1246020447,0.1302885202,1.003890054,-128680.8319
-0.180820039,0.1251297486,0.1321482914,1.004519612,-154382.3834
-0.1805459792,0.1257079903,0.1332234009,1.005509165,-183398.3101
-0.1802720192,0.1264241145,0.1347319752,1.00630574,-217320.8966
-0.1799985358,0.1272259683,0.1368590598,1.007629759,-258079.9227
-0.1797255289,0.1281340321,0.1394461474,1.00917142,-305545.5826
-0.179452522,0.1291834112,0.1423887299,1.010726061,-358947.6952
-0.1791799916,0.1303698652,0.1450598163,1.012602187,-420164.1178
-0.1789080408,0.1317242591,0.1490492394,1.014606822,-489116.9671
-0.1786365601,0.1332311315,0.1517288641,1.016971451,-567606.217
-0.1783660389,0.1349015881,0.1550921039,1.019412666,-653027.0974
-0.1780959974,0.1367142542,0.1573313985,1.022329835,-747993.0321
-0.1778270056,0.1387017255,0.161984735,1.025529116,-853282.856
-0.17755897,0.1408801844,0.1677457479,1.028857337,-968801.3782
-0.1772915076,0.1432008528,0.1694624731,1.032648099,-1093674.573
-0.1770250047,0.1456586249,0.1746555134,1.036824385,-1227365.909
-0.1767595483,0.1482671161,0.1784753236,1.041193216,-1369304.242
-0.1764955278,0.1509930093,0.1811926497,1.045896081,-1520268.405
-0.1762330368,0.1538396797,0.1853294168,1.051023411,-1681348.769
-0.1759714988,0.1567908294,0.1896495562,1.056278815,-1849092.498
-0.1757110169,0.1598268143,0.1938368755,1.062099741,-2026035.132
-0.1754520612,0.1629236349,0.1978811488,1.068126625,-2207806.542
-0.1751950181,0.1661326655,0.2008683123,1.074358602,-2398837.434
-0.1749395076,0.1693939356,0.2059611281,1.081079082,-2596955.724
-0.1746855233,0.1727400411,0.2095051153,1.088236575,-2804939.256
-0.1744335481,0.1762805957,0.2144788415,1.097012746,-3044716.558
-0.174183962,0.180499602,0.2184999949,1.111751331,-3401561.399
-0.1739404936,0.1877306369,0.2226855978,1.153860337,-4285833.23
-0.1737145151,0.2072992241,0.2260000019,1.297547587,-7102619.43
-0.1735224733,0.2431485328,0.2294163467,1.603295667,-12278167.68
-0.1733594934,0.2609198143,0.2323058242,1.783977574,-14979764.2
-0.1732075059,0.2657933304,0.2326878859,1.844962942,-15854837.13
-0.1730590538,0.2669429772,0.2344491778,1.868901731,-16133677.33
-0.1729120313,0.2672505016,0.234414909,1.883768823,-16243415.16
-0.1727659747,0.2670329182,0.2355936612,1.892725425,-16358552.92
-0.1726205781,0.2667519319,0.2375151623,1.901039054,-16458269.75
-0.1724760445,0.2665763191,0.2375674019,1.910059693,-16542556.99
-0.1723325637,0.2664401095,0.2395762479,1.919478836,-16612980.97
-0.1721895627,0.2662713619,0.2391487829,1.928177989,-16687247.21
-0.1720465617,0.2660263463,0.2403206987,1.935875474,-16769492.17
-0.1719045105,0.2657813306,0.2409717469,1.94325104,-16847617.97
-0.1717630389,0.2655843142,0.2400020398,1.951140638,-16917003.5
-0.1716220406,0.2654404028,0.2438209846,1.958953217,-16978427.61
-0.1714815253,0.26526479,0.2411773594,1.966380706,-17041902.66
-0.1713414833,0.2650317741,0.2417153323,1.973281183,-17109496.87
-0.1712024974,0.2648304597,0.2420956922,1.979770176,-17174001.71
-0.171063505,0.2646411451,0.2435682671,1.986645124,-17233106.62
-0.1709250922,0.264479234,0.2437310436,1.993442622,-17286569.31
-0.1707870594,0.2643010539,0.2441079708,1.999893106,-17341304.1
-0.1706490265,0.2640997106,0.2448840942,2.005893596,-17397587.9
-0.1705120465,0.2638872618,0.244650213,2.011946009,-17451561.16
-0.1703755431,0.2637296487,0.2435340272,2.017856933,-17501415.24
-0.1702390396,0.2635394687,0.2462924296,2.024024872,-17548188.61
-0.1701030127,0.2633749904,0.2457150534,2.029627291,-17595732.15
-0.1699675621,0.2631882431,0.2461279512,2.035050146,-17644045.87
-0.1698324915,0.2630023611,0.2445414357,2.040434058,-17690049.06
-0.1696975206,0.2628181523,0.2478901085,2.045946479,-17732971.51
-0.1695625466,0.2626699717,0.2461390857,2.051034867,-17774864.18
-0.1694280491,0.2624883589,0.2462632954,2.056085178,-17817007.8
-0.1692945078,0.2623264478,0.2471987627,2.060891455,-17858130.28
-0.1691610664,0.2621542676,0.2456713809,2.065799845,-17896933.56
-0.1690275284,0.2620086255,0.2468998055,2.070400164,-17934707.06
-0.1688945635,0.2618355799,0.2475311521,2.075051539,-17971978.63
-0.1687620719,0.2616976685,0.2487244714,2.079420802,-18007701.19
-0.1686300633,0.2615494591,0.2479363482,2.08377622,-18042904.53
-0.1684980515,0.2613986824,0.2482644684,2.088004428,-18077605.95
-0.1683660397,0.2612325021,0.2481128264,2.092283261,-18111528.54
-0.1682345108,0.2610937253,0.2504215238,2.096331039,-18144161.72
-0.1681030721,0.2609386794,0.2489934867,2.100443287,-18175773.76
-0.16797154,0.2607990372,0.2483843802,2.104310635,-18206866.58
-0.1678410576,0.2606568277,0.2483338424,2.108114378,-18237197.88
-0.1677104818,0.260532618,0.2509672274,2.1117762,-18266490.72
-0.1675800026,0.2603972449,0.2506005693,2.115490377,-18294762.43
-0.1674499999,0.2602721987,0.2497216397,2.118985182,-18322514.91
-0.1673199972,0.260137691,0.2475765553,2.122441911,-18349756.83
-0.1671900912,0.2600083467,0.2513749619,2.125821189,-18376228.56
-0.1670604684,0.2598764352,0.2506005693,2.12925239,-18401419.54
-0.1669315154,0.2597564946,0.2511668111,2.13251614,-18426342.26
-0.1668025624,0.2596314195,0.2477350338,2.135728834,-18451014.02
-0.1666735192,0.2594977772,0.2497593122,2.138928115,-18475434.82
-0.1665445662,0.2593864038,0.2498629838,2.141909322,-18499076.78
-0.1664159995,0.2592759246,0.2510545723,2.144890529,-18521688.95
-0.1662875231,0.2591696858,0.2503230156,2.147781737,-18543539.6
-0.1661590466,0.2590608796,0.2502484782,2.150634004,-18565121.98
-0.166031053,0.2589383718,0.2514289323,2.153525212,-18586453.4
-0.1659030595,0.2588252965,0.2506699433,2.156288345,-18607265.6
-0.1657755425,0.2587207884,0.2508035856,2.158948066,-18627567.23
-0.1656480255,0.2586317128,0.2509817657,2.161517788,-18646847.72
-0.1655205987,0.2585297431,0.2519095311,2.164151981,-18665608.99
-0.1653935647,0.2584261004,0.2507222117,2.166683627,-18684370.26
-0.1652665242,0.2583224288,0.2511453787,2.169163784,-18702612.3
-0.1651394838,0.2582402184,0.2514409321,2.171438414,-18720092.82
-0.1650125399,0.2581614119,0.2522050845,2.173725593,-18736794.5
-0.1648855961,0.2580585768,0.2513663947,2.176153827,-18752726
-0.1647590321,0.2579763376,0.2518641279,2.178325911,-18769176.72
-0.1646330478,0.257887262,0.2516362466,2.180484149,-18785108.22
-0.1645065804,0.2578050228,0.2513355586,2.182591763,-18800278.2
-0.1643800165,0.25770738,0.2517330529,2.184840432,-18814920.29
-0.1642540257,0.2576319772,0.2523755628,2.186871028,-18829571.04
-0.1641280413,0.257549738,0.2524543694,2.188913739,-18844221.79
-0.1640020505,0.2574632008,0.2510845719,2.190931354,-18858612.93
-0.1638765427,0.2573809905,0.2523678322,2.192935988,-18873004.07
-0.1637510349,0.2573047512,0.2515917088,2.194838076,-18886625.03
-0.1636255206,0.2572336465,0.251984905,2.196675261,-18899986.37
-0.1635000128,0.2571591091,0.2507821532,2.198435861,-18913347.72
-0.1633744985,0.2570940042,0.2534874795,2.200118577,-18926198.49
-0.1632495638,0.2570194669,0.2526856545,2.201866628,-18938798.31
-0.1631245325,0.2569474967,0.2510194671,2.203562758,-18950870.25
-0.1629995012,0.2568798246,0.2523189963,2.205168888,-18962691.23
-0.1628745665,0.2568181525,0.252138249,2.206723962,-18974261.26
-0.1627496253,0.2567436439,0.2531533881,2.208343073,-18985571.67
-0.1626250705,0.2566708084,0.2520714422,2.209962184,-18996362.86
-0.1625005158,0.2566082709,0.2529623428,2.211491297,-19007154.05
-0.1623760576,0.2565508967,0.2526839238,2.212994448,-19017175.06
-0.1622515028,0.2565148972,0.2523172945,2.214266545,-19027455.68
-0.1621270446,0.2564600615,0.251694515,2.215654602,-19037225.73
-0.1620024899,0.2563983893,0.2514854699,2.217067755,-19046995.78
-0.1618780317,0.2563495535,0.2522436224,2.218339852,-19056497.57
-0.16175405,0.2562818814,0.252191354,2.219766418,-19066518.58
-0.1616300684,0.2562236418,0.25315509,2.221115533,-19076037.67
-0.1615059966,0.2561722387,0.2506613761,2.222413158,-19085279.85
-0.1613820149,0.2561114031,0.2509731985,2.223750158,-19094279.72
-0.1612580333,0.2560685671,0.253218493,2.224919276,-19103270.93
-0.1611340517,0.2560214909,0.2519018293,2.226126902,-19111760.23
-0.161010553,0.2559752223,0.2532142238,2.227334962,-19119981.27
-0.1608870479,0.2559220885,0.2524971765,2.228594511,-19127942.69
-0.1607630662,0.2558938197,0.253866974,2.229583631,-19135653.16
-0.1606395611,0.2558484453,0.2519420691,2.230688712,-19143363.62
-0.1605160624,0.2558081478,0.2532587616,2.231716774,-19150563.52
-0.1603925573,0.2557567736,0.2517296203,2.232821854,-19158014.37
-0.1602696317,0.2557139377,0.2531833589,2.233875444,-19165205.61
-0.16014603,0.2556625345,0.252432937,2.235006053,-19172145.9
-0.1600225249,0.2556299677,0.2527978644,2.235931568,-19179345.79
-0.1598995994,0.2556008624,0.252823566,2.236792181,-19186026.47
-0.1597765708,0.2555477574,0.2535474497,2.237833224,-19192447.53
-0.1596535486,0.2555040561,0.2528681326,2.238719797,-19198877.24
-0.1595306166,0.2554517876,0.2514957679,2.239722331,-19205047.34
-0.1594075945,0.2554269514,0.2533015975,2.240493377,-19210957.84
-0.1592845723,0.2553806829,0.2531011485,2.241444421,-19217127.94
-0.1591615438,0.2553498468,0.2534814795,2.242266525,-19223289.39
-0.1590385216,0.2553241452,0.2531448209,2.243050552,-19228948.92
-0.158915493,0.255295011,0.253687092,2.243885636,-19234599.8
-0.1587925675,0.2552659057,0.2531568208,2.24472072,-19239991.07
-0.1586700154,0.2552470694,0.2529058052,2.245440277,-19245131.38
-0.1585475664,0.2552110699,0.2527747301,2.246262813,-19250790.91
-0.1584245443,0.2551742339,0.2536536597,2.24703386,-19256190.84
-0.1583020888,0.2551416959,0.2536185545,2.247778945,-19261331.15
-0.1581795432,0.2551013984,0.2528775364,2.248562972,-19266722.41
-0.1580569976,0.2550808603,0.253175657,2.249167002,-19271862.72
-0.1579345485,0.2550534568,0.2534583453,2.249835069,-19276743.42
-0.1578120931,0.2550243226,0.2523952645,2.250516117,-19281632.78
-0.1576895475,0.2549994864,0.2533684043,2.251132695,-19285994.25
-0.1575670018,0.2549643523,0.253159388,2.251813743,-19290623.99
-0.1574445528,0.2549369489,0.2540168853,2.252456281,-19294994.12
-0.1573220974,0.2549035455,0.2541907962,2.253111368,-19299104.64
-0.1572000283,0.2548821131,0.2541239895,2.253690302,-19303215.16
-0.1570780558,0.254851277,0.2523147272,2.254332408,-19307334.33
-0.1569555102,0.2548298447,0.2522633241,2.254897929,-19311444.84
-0.1568330611,0.2547990374,0.2537436296,2.255565996,-19315555.36
-0.1567110822,0.254777605,0.2511248117,2.256157045,-19319406.27
-0.1565890131,0.2547656052,0.2539286462,2.256632567,-19323265.83
-0.1564670406,0.254751067,0.2525494449,2.257082561,-19327376.35
-0.1563449715,0.2547245,0.25201577,2.257660629,-19330967.64
-0.1562230956,0.2546945005,0.2535457478,2.258238698,-19334827.2
-0.1561010266,0.2546628278,0.254112855,2.258791671,-19338427.15
-0.1559790541,0.2546431262,0.2534163747,2.259240799,-19341767.48
-0.1558570816,0.2546328283,0.2526993562,2.259626755,-19345107.82
-0.1557351026,0.254609694,0.2535200174,2.260127805,-19348188.54
-0.15561304,0.2545822906,0.253830138,2.260680345,-19351277.92
-0.1554910611,0.2545702907,0.2538806757,2.261129906,-19354358.65
-0.155369095,0.254556589,0.2534814795,2.261566919,-19357698.98
-0.1552470259,0.2545386181,0.2521151147,2.262054989,-19360528.75
-0.15512553,0.2545180511,0.2522684586,2.262543491,-19363349.86
-0.155004034,0.2545086185,0.2537538987,2.262941995,-19365669.06
-0.1548820551,0.2544957822,0.2528389984,2.263353047,-19368239.22
-0.154760089,0.2544769171,0.2540091835,2.263802608,-19370809.37
-0.1546385866,0.2544537828,0.2535859876,2.264252601,-19373119.91
-0.1545170005,0.2544383503,0.2540588558,2.264612163,-19375690.07
-0.1543950216,0.2544169468,0.2538764065,2.264997687,-19378260.23
-0.1542735256,0.2544041104,0.2526453859,2.265319172,-19380570.77
-0.1541520297,0.2543869761,0.2533958077,2.265704263,-19383140.92
-0.1540300636,0.2543655725,0.2522479205,2.266115747,-19385711.08
-0.1539085676,0.2543578419,0.2546739335,2.266411272,-19388281.23
-0.1537870717,0.2543381402,0.2535808531,2.266822324,-19390851.39
-0.1536655757,0.2543235731,0.2535877184,2.267207847,-19393161.93
-0.1535439832,0.2543158713,0.2531071484,2.267554429,-19395221.52
-0.1534225838,0.2543056022,0.2553601158,2.267901443,-19397021.49
-0.1533010878,0.2542936024,0.2535919876,2.268222929,-19399072.42
-0.1531794953,0.254282468,0.2544023797,2.268518453,-19400881.05
-0.1530579993,0.2542781699,0.2527661918,2.268737392,-19402931.98
-0.1529365999,0.2542644682,0.2528030278,2.269032484,-19404982.92
-0.1528150138,0.2542533338,0.253365837,2.269315461,-19406782.89
-0.1526935114,0.2542370648,0.2524920419,2.269610553,-19409102.09
-0.1525725886,0.2542121997,0.2523712648,2.269996509,-19411161.67
-0.1524510991,0.2542027672,0.2548238448,2.270253524,-19413212.6
-0.1523296031,0.2541942289,0.2534874795,2.270523088,-19415263.54
-0.1522080106,0.2541770945,0.2534480762,2.270870102,-19417323.12
-0.1520865146,0.2541788252,0.2541727965,2.271088608,-19419123.1
-0.1519655918,0.2541685273,0.2538430032,2.271332643,-19421174.03
-0.1518440056,0.2541402585,0.2518127248,2.271743695,-19423233.61
-0.1517225097,0.2541402585,0.2532912996,2.271859655,-19424773.98
-0.1516015804,0.2541256914,0.2532064931,2.272129651,-19426322.99
-0.1514805674,0.2541256914,0.2524826382,2.272270707,-19427863.35
-0.1513590715,0.2541145569,0.2530428801,2.272527722,-19429663.33
-0.1512375819,0.2541094224,0.2542893044,2.272707719,-19431454.65
-0.1511165625,0.2541042878,0.2524389369,2.272913245,-19433003.66
-0.1509955431,0.2540914226,0.2529126705,2.273157713,-19434803.64
-0.1508740471,0.2540785574,0.2531713879,2.273388767,-19436344
-0.1507525511,0.2540580193,0.2536116892,2.273683859,-19437884.36
-0.1506315317,0.2540485867,0.254372409,2.273838761,-19439165.11
-0.1505106089,0.2540383176,0.2549326509,2.274005345,-19440454.52
-0.1503895895,0.2540365869,0.2537975711,2.274146833,-19441484.31
-0.1502680033,0.2540331543,0.2536596885,2.274300869,-19442505.45
-0.1501465074,0.2540168853,0.2531054177,2.274545337,-19443284.28
-0.150025591,0.2540074816,0.2550149189,2.274763844,-19444305.42
-0.1499952798,0.2540066162,0.2547185001,2.274814901,-19444565.04
