# Digitized from Steinberg & Heizler 2022, ApJS 258, 14 (arXiv:2108.13453) Fig. 1(c)
# Marshak wave material temperature at ct=500. DIMC panel; DIMC curve (cyan, N with most samples).

# x,T
0.0019457244,0.99234152
0.011973689,0.98898066
0.022001654,0.99092132
0.032029619,0.99107247
0.042057584,0.99089683
0.052085549,0.99037034
0.062113514,0.98797954
0.072141478,0.98418749
0.082169443,0.98873814
0.092197408,0.9818739
0.10222537,0.98301211
0.11225334,0.98378268
0.1222813,0.98191453
0.13230927,0.97800529
0.14233723,0.9797699
0.1523652,0.98156891
0.16239316,0.9776636
0.17242113,0.97962437
0.18244909,0.98041151
0.19247706,0.97729149
0.20250502,0.97611922
0.21253299,0.97237427
0.22256095,0.9743767
0.23258892,0.96974839
0.24261688,0.9692054
0.25264485,0.96509084
0.26267281,0.96978929
0.27270078,0.96552066
0.28272874,0.96351218
0.29275671,0.96148058
0.30278467,0.96170216
0.31281264,0.962115
0.3228406,0.9587981
0.33286856,0.95843109
0.34289653,0.9587813
0.35292449,0.95645981
0.36295246,0.95707558
0.37298042,0.95065054
0.38300839,0.95219596
0.39303635,0.94710508
0.40306432,0.95190761
0.41309228,0.95134361
0.42312025,0.95091492
0.43314821,0.94913814
0.44317618,0.95047021
0.45320414,0.94827256
0.46323211,0.94390652
0.47326007,0.94451146
0.48328804,0.94089391
0.493316,0.94228776
0.50334397,0.93922981
0.51337193,0.93625191
0.5233999,0.93653099
0.53342786,0.93139885
0.54345583,0.93459825
0.55348379,0.93387268
0.56351176,0.92948351
0.57353972,0.93053817
0.58356769,0.92977739
0.59359565,0.92617109
0.60362362,0.92475485
0.61365158,0.92311053
0.62367955,0.92237436
0.63370751,0.91783935
0.64373548,0.91590109
0.65376344,0.91511874
0.66379141,0.91756038
0.67381937,0.91417034
0.68384734,0.91379271
0.6938753,0.91688752
0.70390326,0.91035528
0.71393123,0.91149036
0.72395919,0.91138136
0.73398716,0.9056389
0.74401512,0.90411223
0.75404309,0.90323415
0.76407105,0.89932075
0.77409902,0.90134272
0.78412698,0.89767584
0.79415495,0.89960035
0.80418291,0.89486957
0.81421088,0.89031907
0.82423884,0.89224087
0.83426681,0.89050554
0.84429477,0.88743011
0.85432274,0.88582083
0.8643507,0.88452115
0.87437867,0.88332524
0.88440663,0.87964109
0.8944346,0.87826404
0.90446256,0.87836728
0.91449053,0.87679852
0.92451849,0.87497485
0.93454646,0.87141116
0.94457442,0.86896161
0.95460239,0.86838813
0.96463035,0.86810406
0.97465832,0.86654029
0.98468628,0.86361384
0.99471425,0.86080947
1.0047422,0.86368342
1.0147702,0.85653813
1.0247981,0.85949438
1.0348261,0.85687377
1.0448541,0.85269216
1.054882,0.85315768
1.06491,0.8494495
1.074938,0.84467576
1.0849659,0.84425871
1.0949939,0.83914043
1.1050219,0.83579155
1.1150498,0.83095381
1.1250778,0.83349826
1.1351058,0.82951121
1.1451337,0.8274046
1.1551617,0.82455656
1.1651896,0.82369423
1.1752176,0.82347578
1.1852456,0.81425178
1.1952735,0.81420814
1.2053015,0.81417007
1.2153295,0.80990565
1.2253574,0.80497894
1.2353854,0.80470319
1.2454134,0.8012167
1.2554413,0.79743997
1.2654693,0.79454143
1.2754973,0.79022737
1.2855252,0.78911427
1.2955532,0.78332782
1.3055812,0.78055648
1.3156091,0.78033325
1.3256371,0.77730719
1.3356651,0.77211463
1.345693,0.77003548
1.355721,0.76576105
1.3657489,0.76259499
1.3757769,0.76065152
1.3858049,0.75571003
1.3958328,0.75447629
1.4058608,0.74825481
1.4158888,0.7401334
1.4259167,0.73603321
1.4359447,0.7327185
1.4459727,0.72663369
1.4560006,0.72341617
1.4660286,0.71852186
1.4760566,0.71348692
1.4860845,0.70868044
1.4961125,0.70413959
1.5061405,0.69777584
1.5161684,0.69080677
1.5261964,0.68543743
1.5362243,0.67638075
1.5462523,0.67030032
1.5562803,0.66201494
1.5663082,0.65076664
1.5763362,0.6479157
1.5863642,0.64010775
1.5963921,0.62904718
1.6064201,0.61896292
1.6164481,0.60591439
1.626476,0.59256271
1.636504,0.58213457
1.646532,0.5671557
1.6565599,0.55121082
1.6665879,0.52790773
1.6766159,0.50319991
1.6866438,0.46837535
1.6966718,0.41135151
1.7066998,0.069920696
1.7167277,0.0099836258
1.7267557,0.0099836258
1.7367836,0.0099836258
1.7468116,0.0099836258
1.7568396,0.0099836258
1.7668675,0.0099836258
1.7768955,0.0099836258
1.7869235,0.0099836258
1.7969514,0.0099836258
1.8069794,0.0099836258
1.8170074,0.0099836258
1.8270353,0.0099836258
1.8370633,0.0099836258
1.8470913,0.0099836258
1.8571192,0.0099836258
1.8671472,0.0099836258
1.8771752,0.0099836258
1.8872031,0.0099836258
1.8972311,0.0099836258
1.907259,0.0099836258
1.917287,0.0099836258
1.927315,0.0099836258
1.9373429,0.0099836258
1.9473709,0.0099836258
1.9573989,0.0099836258
1.9674268,0.0099836258
1.9774548,0.0099836258
1.9874828,0.0099836258
1.9975107,0.0099836258
2.0075387,0.0099836258
2.0175667,0.0099836258
2.0275946,0.0099836258
2.0376226,0.0099836258
2.0476506,0.0099836258
2.0576785,0.0099836258
2.0677065,0.0099836258
2.0777345,0.0099836258
2.0877624,0.0099836258
2.0977904,0.0099836258
2.1078183,0.0099836258
2.1178463,0.0099836258
2.1278743,0.0099836258
2.1379022,0.0099836258
2.1479302,0.0099836258
2.1579582,0.0099836258
2.1679861,0.0099836258
2.1780141,0.0099836258
2.1880421,0.0099836258
2.19807,0.0099836258
2.208098,0.0099836258
2.218126,0.0099836258
2.2281539,0.0099836258
2.2381819,0.0099836258
2.2482099,0.0099836258
2.2582378,0.0099836258
2.2682658,0.0099836258
2.2782937,0.0099836258
2.2883217,0.0099836258
2.2983497,0.0099836258
2.3083776,0.0099836258
2.3184056,0.0099836258
2.3284336,0.0099836258
2.3384615,0.0099836258
2.3484895,0.0099836258
2.3585175,0.0099836258
2.3685454,0.0099836258
2.3785734,0.0099836258
2.3886014,0.0099836258
2.3986293,0.0099836258
2.4086573,0.0099836258
2.4186853,0.0099836258
2.4287132,0.0099836258
2.4387412,0.0099836258
2.4487692,0.0099836258
2.4587971,0.0099836258
2.4688251,0.0099836258
2.478853,0.0099836258
2.488881,0.0099836258
2.498909,0.0099836258
2.5089369,0.0099836258
2.5189649,0.0099836258
2.5289929,0.0099836258
2.5390208,0.0099836258
2.5490488,0.0099836258
2.5590768,0.0099836258
2.5691047,0.0099836258
2.5791327,0.0099836258
2.5891607,0.0099836258
2.5991886,0.0099836258
2.6092166,0.0099836258
2.6192446,0.0099836258
2.6292725,0.0099836258
2.6393005,0.0099836258
2.6493284,0.0099836258
2.6593564,0.0099836258
2.6693844,0.0099836258
2.6794123,0.0099836258
2.6894403,0.0099836258
2.6994683,0.0099836258
2.7094962,0.0099836258
2.7195242,0.0099836258
2.7295522,0.0099836258
2.7395801,0.0099836258
2.7496081,0.0099836258
2.7596361,0.0099836258
2.769664,0.0099836258
2.779692,0.0099836258
2.78972,0.0099836258
2.7997479,0.0099836258
2.8097759,0.0099836258
2.8198039,0.0099836258
2.8298318,0.0099836258
2.8398598,0.0099836258
2.8498877,0.0099836258
2.8599157,0.0099836258
2.8699437,0.0099836258
2.8799716,0.0099836258
2.8899996,0.0099836258
2.9000276,0.0099836258
2.9100555,0.0099836258
2.9200835,0.0099836258
2.9301115,0.0099836258
2.9401394,0.0099836258
2.9501674,0.0099836258
2.9601954,0.0099836258
2.9702233,0.0099836258
2.9802513,0.0099836258
2.9902793,0.0099836258
3.0003072,0.0099836258
